"Month","Longitude","Latitude","Location","Crime.type","Postcode"
"2015-07",-6.165216,54.233278,"WRIGHTS PARK","Anti-social behaviour","BT345QP"
"2017-06",-6.27136,54.848033,"DRUMTARA","Other theft","BT423DG"
"2015-01",-6.6517,55.202727,"DUNLUCE AVENUE","Anti-social behaviour","BT97AW"
"2016-06",-5.924577,54.583384,"COLLINGWOOD AVENUE","Anti-social behaviour","BT668HN"
"2017-06",-5.874591,54.60365,"EDGCUMBE GARDENS","Other theft","BT42EG"
"2017-12",-5.991195,54.496438,"PINE HILL","Burglary","BT275PL"
"2017-04",-6.330382,54.232895,"SCHOOL ROAD","Public order","BT307QL"
"2017-04",-5.852503,54.616315,"KNOCKNAGONEY DRIVE","Anti-social behaviour","BT42QF"
"2016-07",-6.679636,55.125509,"DRUMARD DRIVE","Anti-social behaviour","BT282HY"
"2017-01",-6.344153,54.457406,"CARRICKVALE AVENUE","Violence and sexual offences","BT668NW"
"2015-01",-7.285953,54.609633,"CASTLEVIEW CRESCENT","Violence and sexual offences","BT797XP"
"2016-09",-5.934292,54.600173,"BERRY STREET","Shoplifting","BT11FJ"
"2016-07",-6.663686,55.133707,"RAILWAY PLACE","Anti-social behaviour","BT521PQ"
"2017-04",-5.967036,54.633136,"LOUGHVIEW CLOSE","Criminal damage and arson","BT308NA"
"2015-05",-6.386817,54.881704,"KILLYLESS ROAD","Other theft","BT421HB"
"2015-06",-6.454428,54.413128,"ARMAGH ROAD","Anti-social behaviour","BT623DR"
"2016-06",-6.069189,54.509309,"BALLYCREEN DRIVE","Criminal damage and arson","BT281SU"
"2016-01",-6.217663,54.710525,"RIVERSIDE","Criminal damage and arson","BT746BR"
"2015-08",-5.925779,54.586208,"DUDLEY STREET","Other theft","BT71GW"
"2017-05",-6.677639,55.131407,"KILLOWEN COURT","Other theft","BT513TP"
"2016-04",-6.272997,54.347245,"COMMERCIAL ROAD","Anti-social behaviour","BT323ES"
"2015-08",-6.527108,54.298191,"GOSFORD GARDENS","Anti-social behaviour","BT601PU"
"2017-05",-5.921083,54.573917,"HAYPARK AVENUE","Vehicle crime","BT73FF"
"2016-05",-5.896505,54.401802,"WINDMILL STREET","Violence and sexual offences","BT248HB"
"2015-03",-6.277867,54.860838,"PATRICK PLACE","Anti-social behaviour","BT422BA"
"2017-04",-6.071102,54.489034,"EGLANTINE CRESCENT","Vehicle crime","BT275RH"
"2015-10",-6.271892,54.876368,"WAVENEY BROW","Anti-social behaviour","BT436FF"
"2015-11",-6.476028,54.105607,"BELMONT CRESCENT","Criminal damage and arson","BT487RR"
"2016-02",-6.436293,54.77052,"ROGUERY ROAD","Other crime","BT413TJ"
"2017-11",-5.826297,54.645543,"SEAPARK COURT","Anti-social behaviour","BT180HX"
"2015-05",-6.05051,54.508569,"MANOR DRIVE","Drugs","BT281QX"
"2017-11",-6.266013,54.350209,"CASTLEWELLAN ROAD","Anti-social behaviour","BT308RD"
"2015-01",-5.671433,54.6581,"ABBEY STREET","Violence and sexual offences","BT204JB"
"2016-01",-6.283349,54.863764,"GALGORM ROAD","Anti-social behaviour","BT421AA"
"2017-02",-7.326051,55.006624,"ARGYLE STREET","Anti-social behaviour","BT132LA"
"2016-10",-6.606774,54.752843,"QUEENS AVENUE","Violence and sexual offences","BT365HU"
"2015-09",-7.452447,54.822466,"SPRINGHILL PARK","Anti-social behaviour","BT828BZ"
"2016-11",-5.970031,54.628973,"BENVIEW PARK","Anti-social behaviour","BT148HT"
"2015-04",-5.93032,54.601597,"NORTH STREET","Anti-social behaviour","BT341DB"
"2017-11",-5.689548,54.589322,"LAMONT AVENUE","Shoplifting","BT238NW"
"2015-11",-5.900508,54.108332,"KILKEEL ROAD","Anti-social behaviour","BT344TJ"
"2016-05",-6.701998,54.542008,"ARDNASKEA PARK","Other theft","BT714SF"
"2016-05",-6.786908,54.792456,"ST. PATRICKS STREET","Violence and sexual offences","BT457AL"
"2015-08",-6.374335,54.445247,"DRUMGOR HEIGHTS","Burglary","BT654AP"
"2016-03",-6.371365,54.45173,"ROWAN PARK","Anti-social behaviour","BT655AY"
"2015-10",-5.705787,54.655189,"HENDERSON AVENUE","Anti-social behaviour","BT155FN"
"2015-10",-5.782091,54.729463,"DROMORE ROAD","Anti-social behaviour","BT667NR"
"2016-06",-5.986703,54.594938,"SPRINGFIELD ROAD","Violence and sexual offences","BT205BZ"
"2017-09",-5.668506,54.659688,"MARKET STREET","Violence and sexual offences","BT622BP"
"2016-04",-5.869769,54.595523,"BETHANY STREET","Criminal damage and arson","BT43FE"
"2015-04",-7.34737,55.028667,"TEMPLE COURT","Anti-social behaviour","BT488DR"
"2017-06",-5.897098,54.590979,"CLARA STREET","Anti-social behaviour","BT679AP"
"2016-02",-6.65378,54.344486,"FRIARY ROAD","Anti-social behaviour","BT538XZ"
"2016-05",-6.058127,54.510084,"TONAGH DRIVE","Criminal damage and arson","BT281DY"
"2017-10",-6.205308,54.715859,"CORBALLY AVENUE","Anti-social behaviour","BT411EF"
"2015-09",-5.84963,54.261206,"CARRIGVALE","Criminal damage and arson","BT330SZ"
"2016-01",-6.657198,54.499357,"BALLYNAKILLY ROAD","Vehicle crime","BT716HJ"
"2017-02",-5.848846,54.259467,"DROMARA ROAD","Anti-social behaviour","BT266PE"
"2017-07",-7.307392,55.031878,"CORNSHELL FIELDS","Anti-social behaviour","BT487UH"
"2015-09",-6.218759,54.617893,"LANDGARVE MANOR","Criminal damage and arson","BT294YD"
"2015-06",-7.266801,55.030616,"CLAREEN DRIVE","Anti-social behaviour","BT476UY"
"2016-03",-5.928653,54.601811,"DONEGALL STREET","Anti-social behaviour","BT12GQ"
"2016-11",-7.319968,55.022517,"CARNHILL","Anti-social behaviour","BT488BA"
"2017-06",-5.940995,54.580206,"MALONE AVENUE","Anti-social behaviour","BT96EP"
"2016-06",-5.926512,54.597057,"MONTGOMERY STREET","Shoplifting","BT14NX"
"2015-10",-6.18698,54.710663,"FIRMOUNT DRIVE","Anti-social behaviour","BT411JN"
"2015-03",-6.053501,54.518078,"BELLEVUE PARK","Anti-social behaviour","BT367QD"
"2016-05",-5.807484,54.733321,"CRAGFERGUS COURT","Criminal damage and arson","BT387SU"
"2015-05",-6.642377,54.347512,"GOUGH AVENUE","Anti-social behaviour","BT601BT"
"2017-08",-5.803671,54.850732,"CURRAN ROAD","Violence and sexual offences","BT401BU"
"2017-12",-5.922012,54.628877,"OAKMOUNT DRIVE","Shoplifting","BT153RE"
"2015-03",-6.3357,54.457847,"UNION STREET","Violence and sexual offences","BT536HT"
"2016-04",-5.998258,54.750971,"MAIN STREET","Violence and sexual offences","BT936HW"
"2016-02",-6.374335,54.445247,"DRUMGOR HEIGHTS","Anti-social behaviour","BT654AP"
"2015-06",-5.925874,54.670426,"DUNANNEY","Other theft","BT366DD"
"2017-05",-6.062935,54.505408,"GLEBE WALK","Other theft","BT281PZ"
"2017-10",-6.279462,54.350788,"WINDYRIDGE","Anti-social behaviour","BT323GX"
"2015-01",-6.160308,54.240868,"BALLYRONEY ROAD","Anti-social behaviour","BT325NR"
"2016-01",-5.942775,54.585088,"DUNLUCE AVENUE","Criminal damage and arson","BT97AW"
"2016-07",-5.980405,54.585569,"DIVIS DRIVE","Anti-social behaviour","BT118AA"
"2016-01",-5.708843,54.593715,"CIRCULAR ROAD","Shoplifting","BT234EU"
"2016-03",-6.350018,54.227011,"GLEN ROAD","Vehicle crime","BT118BU"
"2016-02",-6.274405,54.347418,"LINENHALL STREET","Anti-social behaviour","BT490HQ"
"2015-11",-6.943696,55.045433,"RATHBEG CRESCENT","Anti-social behaviour","BT490AT"
"2017-02",-6.277619,54.353655,"IVEAGH VIEW","Criminal damage and arson","BT323YQ"
"2016-01",-6.342898,54.42473,"OAKDENE PARK","Anti-social behaviour","BT635SB"
"2017-01",-5.89509,54.683535,"COOLEEN PARK","Burglary","BT488AQ"
"2017-03",-5.819484,54.851466,"MAIN STREET","Shoplifting","BT936HW"
"2016-04",-6.328719,54.161307,"COLE COURT","Violence and sexual offences","BT342TD"
"2016-10",-7.299135,54.996924,"SHEARWATER WAY","Anti-social behaviour","BT476LF"
"2016-07",-6.258807,55.207263,"CAMAN PARK","Criminal damage and arson","BT499QE"
"2015-07",-5.973324,54.605119,"WEST CIRCULAR CRESCENT","Anti-social behaviour","BT133QP"
"2016-10",-5.692182,54.641767,"LORD WARDEN'S GLADE","Other theft","BT191GW"
"2017-07",-7.802282,54.297135,"SLIGO ROAD","Anti-social behaviour","BT747JZ"
"2017-01",-6.304616,54.748868,"THE MEADOWS","Criminal damage and arson","BT412JB"
"2017-05",-6.366144,54.851934,"CULLYBACKEY ROAD","Anti-social behaviour","BT435DG"
"2017-10",-5.906236,54.587489,"IMPERIAL STREET","Violence and sexual offences","BT68JP"
"2016-08",-7.664019,54.33164,"DRUMAWILL PARK","Other theft","BT745JR"
"2016-12",-7.630614,54.340481,"DERRYCHARA ROAD","Anti-social behaviour","BT746JF"
"2015-12",-6.365149,55.02759,"CULCRUM ROAD","Anti-social behaviour","BT449NH"
"2015-04",-6.750354,54.632688,"OLD RECTORY GLEN","Anti-social behaviour","BT809XX"
"2016-12",-5.835352,54.586232,"MELFORT DRIVE","Anti-social behaviour","BT57FE"
"2016-04",-7.084492,54.8651,"MILLSIDE CRESCENT","Violence and sexual offences","BT474BQ"
"2016-06",-5.896327,54.587928,"ARDGOWAN DRIVE","Criminal damage and arson","BT69BY"
"2015-07",-6.057888,54.50601,"WARRENMOUNT","Anti-social behaviour","BT281HP"
"2017-02",-7.332536,55.017026,"SPRINGTOWN ROAD","Violence and sexual offences","BT480LY"
"2016-03",-6.334345,54.452483,"POLLOCK DRIVE","Anti-social behaviour","BT668JP"
"2017-02",-5.678499,54.645899,"CLELAND PARK CENTRAL","Possession of weapons","BT203EP"
"2015-05",-5.836229,54.862134,"BALLYCRAIGY RING","Criminal damage and arson","BT402EY"
"2017-08",-6.307756,54.517287,"GRAVEL LANE","Anti-social behaviour","BT670AZ"
"2017-01",-6.443148,54.416496,"BANN STREET","Anti-social behaviour","BT623BG"
"2016-08",-5.695539,54.651975,"ORLOCK GARDENS","Violence and sexual offences","BT191SP"
"2016-02",-5.539484,54.60668,"MILL COTTAGE PARK","Violence and sexual offences","BT222FF"
"2016-11",-5.678721,54.585467,"THE OAKS","Violence and sexual offences","BT238GZ"
"2016-10",-6.192257,54.509883,"WILLOW LODGE","Public order","BT282WL"
"2015-07",-6.328846,54.183987,"BALMORAL AVENUE","Anti-social behaviour","BT96NY"
"2017-04",-7.306668,55.04118,"BALLYARNETT VILLAGE","Anti-social behaviour","BT488SB"
"2015-04",-6.44144,54.420912,"PORTMORE STREET","Anti-social behaviour","BT623NG"
"2017-01",-6.675868,54.532498,"CONEY PARK","Violence and sexual offences","BT714RT"
"2015-11",-6.281327,54.865182,"SMITHFIELD PLACE","Anti-social behaviour","BT435HB"
"2017-04",-6.655962,55.126993,"LODGE PARK","Other theft","BT521UN"
"2016-05",-5.863808,54.596173,"BELMONT CHURCH ROAD","Anti-social behaviour","BT43FF"
"2017-08",-6.269554,54.577751,"SHORE ROAD","Anti-social behaviour","BT413NW"
"2016-06",-7.322467,54.995762,"THE DIAMOND","Other theft","BT486PE"
"2017-04",-7.044257,55.042869,"CLOONEY ROAD","Anti-social behaviour","BT473DZ"
"2017-01",-5.701797,54.326132,"ARDMEEN GREEN","Anti-social behaviour","BT306JJ"
"2017-12",-5.930471,54.567807,"SHARMAN CLOSE","Drugs","BT95GF"
"2016-08",-5.962913,54.687057,"BALLYCRAIGY PARK","Criminal damage and arson","BT365XF"
"2017-10",-6.74832,54.639405,"CEMETERY ROAD","Anti-social behaviour","BT808EA"
"2016-12",-5.944767,54.583325,"ASHLEY AVENUE","Violence and sexual offences","BT97BT"
"2015-06",-7.317407,54.376855,"BALLYLURGAN","Anti-social behaviour","BT750PR"
"2017-04",-6.520727,54.296226,"BUNKER HILL","Other theft","BT601RD"
"2016-04",-5.900423,54.67546,"GLENVIEW WAY","Other theft","BT370TR"
"2015-06",-5.927657,54.630555,"LANSDOWNE ROAD","Vehicle crime","BT475QT"
"2017-01",-5.82614,54.638909,"CHURCH ROAD","Anti-social behaviour","BT189BU"
"2015-05",-7.321718,54.998507,"STRAND ROAD","Anti-social behaviour","BT487AD"
"2015-04",-5.927828,54.598562,"ARTHUR SQUARE","Violence and sexual offences","BT14FF"
"2015-09",-6.653563,54.347367,"SCOTCH STREET","Shoplifting","BT306AN"
"2017-05",-6.264697,54.341655,"SUMMERHILL","Anti-social behaviour","BT323LJ"
"2016-06",-5.928592,54.599366,"CORN MARKET","Other theft","BT358BG"
"2015-06",-5.945712,54.253169,"BURRENWOOD PARK","Anti-social behaviour","BT319JA"
"2015-08",-6.671384,54.69079,"STONARD STREET","Anti-social behaviour","BT457PN"
"2017-11",-7.309951,54.993096,"LOWER VIOLET STREET","Other theft","BT472AR"
"2015-11",-6.646053,55.200176,"CROCKNAMACK ROAD","Anti-social behaviour","BT568JW"
"2017-03",-5.885828,54.598563,"CHEVIOT AVENUE","Violence and sexual offences","BT43AG"
"2017-05",-6.264612,54.8587,"INCHCOLM AVENUE","Anti-social behaviour","BT424AF"
"2017-04",-6.664588,55.133466,"RAILWAY ROAD","Other theft","BT521PE"
"2015-10",-5.712621,54.777797,"BALLYSTRUDDER GARDENS","Violence and sexual offences","BT403SU"
"2017-06",-5.984402,54.556022,"WEDDERBURN GARDENS","Violence and sexual offences","BT100FZ"
"2017-02",-5.933006,54.587985,"BOTANIC AVENUE","Other theft","BT71JL"
"2015-07",-6.093187,54.514218,"BALLINDERRY ROAD","Anti-social behaviour","BT282SA"
"2015-07",-7.492193,54.61681,"WILLMOUNT ROAD","Violence and sexual offences","BT784QE"
"2016-01",-5.946791,54.58583,"ULSTERVILLE DRIVE","Drugs","BT97BD"
"2016-09",-5.834478,54.713959,"BRACKENRIDGE CLOSE","Drugs","BT388FS"
"2015-05",-5.944855,54.255293,"MOURNE PARK","Burglary","BT784BL"
"2017-09",-5.909003,54.595992,"PERRY COURT","Violence and sexual offences","BT54DU"
"2015-07",-6.409873,54.18459,"ASHMORE HILL","Violence and sexual offences","BT357EX"
"2015-04",-5.66799,54.663003,"MAIN STREET","Shoplifting","BT936HW"
"2016-03",-5.93936,54.578273,"SANS SOUCI PARK","Burglary","BT95BZ"
"2015-08",-6.64112,54.345081,"KILLUNEY DRIVE","Other theft","BT601AZ"
"2016-06",-6.292174,54.844761,"TULLAGH DALE","Criminal damage and arson","BT422LQ"
"2015-03",-5.949245,54.585018,"ASHLEY DRIVE","Burglary","BT97BE"
"2016-10",-5.913021,54.66955,"DOAGH ROAD","Criminal damage and arson","BT399BG"
"2017-07",-6.366509,54.454036,"PINEBANK","Drugs","BT655DA"
"2015-02",-6.080384,54.519514,"AMBLESIDE CRESCENT","Anti-social behaviour","BT282FE"
"2015-06",-5.716157,54.328885,"ENGLISH STREET","Other theft","BT306AB"
"2015-05",-7.63961,54.345485,"PAGET SQUARE","Violence and sexual offences","BT747HS"
"2017-08",-5.987227,54.628532,"LIGONIEL ROAD","Anti-social behaviour","BT148DT"
"2017-06",-5.845144,54.863497,"DROMAINE DRIVE","Anti-social behaviour","BT402JA"
"2015-09",-6.780717,54.503352,"BALLYGAWLEY ROAD","Criminal damage and arson","BT701RW"
"2015-10",-6.3097,54.380398,"MILLAR PARK","Burglary","BT636DX"
"2016-02",-5.938026,54.615691,"ALLWORTHY AVENUE","Violence and sexual offences","BT146BU"
"2017-01",-5.905309,54.563645,"GLENCREGAGH ROAD","Violence and sexual offences","BT86FZ"
"2016-11",-5.654435,54.644851,"UPRITCHARD CRESCENT","Anti-social behaviour","BT197AS"
"2017-10",-6.287217,54.348122,"LIMEWOOD","Other theft","BT323FH"
"2016-05",-6.345557,54.17712,"PATRICK STREET","Anti-social behaviour","BT358EB"
"2015-05",-5.831091,54.642808,"BANGOR ROAD","Anti-social behaviour","BT237PH"
"2016-08",-6.677137,54.774186,"KNOCKNAGIN ROAD","Other theft","BT455LQ"
"2017-11",-7.331496,55.009996,"GLENVALE PARK","Anti-social behaviour","BT480GA"
"2017-07",-6.028906,54.510546,"ASHMOUNT GARDENS","Anti-social behaviour","BT275DB"
"2017-05",-5.935089,54.608579,"PIM STREET","Burglary","BT152BN"
"2016-08",-5.865014,54.58348,"KNOCK GREEN","Other theft","BT56GJ"
"2016-10",-5.840373,54.852495,"GREENLAND PARADE","Anti-social behaviour","BT402BJ"
"2017-03",-6.290467,54.877385,"RATHMORE HEIGHTS","Other theft","BT436NQ"
"2015-10",-5.978794,54.595615,"SPRINGHILL CLOSE","Vehicle crime","BT127SE"
"2017-09",-6.653657,54.345886,"DOBBIN STREET","Violence and sexual offences","BT617QQ"
"2017-04",-7.330553,55.004664,"ACADEMY ROAD","Drugs","BT487LA"
"2015-09",-5.820337,54.722394,"THE BIRCHES","Violence and sexual offences","BT388HF"
"2016-03",-7.322467,54.995762,"THE DIAMOND","Anti-social behaviour","BT486PE"
"2017-08",-5.988218,54.754839,"HENRYVILLE MEADOWS","Anti-social behaviour","BT399FY"
"2017-08",-6.277867,54.860838,"PATRICK PLACE","Anti-social behaviour","BT422BA"
"2016-04",-6.557923,54.778226,"MAIN STREET","Violence and sexual offences","BT936HW"
"2016-08",-7.285885,55.003072,"KINSALE PARK","Possession of weapons","BT476FB"
"2016-11",-5.814448,54.712692,"BELFAST ROAD","Anti-social behaviour","BT248EB"
"2015-12",-5.934882,54.589437,"DONEGALL ROAD","Anti-social behaviour","BT126HN"
"2015-12",-5.8429,54.864966,"ARGYLL AVENUE","Anti-social behaviour","BT402JX"
"2015-10",-5.961172,54.597727,"SPRINGFIELD AVENUE","Anti-social behaviour","BT127BA"
"2017-07",-7.312766,54.985593,"JASMINE COURT","Criminal damage and arson","BT472DZ"
"2017-10",-7.462345,54.513867,"FAIRVIEW HEIGHTS","Anti-social behaviour","BT783DR"
"2015-10",-5.866017,54.578789,"CASTLEVIEW COURT","Anti-social behaviour","BT797RD"
"2017-05",-6.652703,55.20184,"EGLINTON LANE","Drugs","BT568DJ"
"2017-07",-7.135157,54.488791,"RAROGAN ROAD","Other theft","BT702DZ"
"2017-03",-6.277055,54.864897,"MILL STREET","Violence and sexual offences","BT941GR"
"2017-08",-5.817678,54.715832,"MINORCA DRIVE","Anti-social behaviour","BT388WP"
"2017-12",-5.556762,54.367339,"THE FAIRWAYS","Criminal damage and arson","BT623FR"
"2016-06",-7.277917,54.998614,"DURHAM PARK","Shoplifting","BT475YD"
"2015-12",-5.927012,54.601819,"HILL STREET","Other theft","BT12LB"
"2017-02",-6.370253,54.449055,"LEGAHORY CENTRE","Shoplifting","BT655BE"
"2016-08",-5.984893,54.596498,"NEW BARNSLEY GARDENS","Anti-social behaviour","BT127HP"
"2017-05",-5.983509,54.620114,"FORTHRIVER DALE","Violence and sexual offences","BT133TL"
"2015-09",-5.699532,54.601319,"DICKSONIA DRIVE","Anti-social behaviour","BT234HE"
"2016-06",-6.329301,54.464641,"CASTLE LANE","Violence and sexual offences","BT235EB"
"2015-06",-5.874203,54.600112,"BELMONT ROAD","Anti-social behaviour","BT42NE"
"2015-04",-5.938026,54.615691,"ALLWORTHY AVENUE","Anti-social behaviour","BT146BU"
"2015-09",-5.93936,54.578273,"SANS SOUCI PARK","Anti-social behaviour","BT95BZ"
"2017-12",-6.946053,55.081978,"DOWLAND ROAD","Criminal damage and arson","BT490HR"
"2015-05",-6.664947,55.133056,"RAILWAY ROAD","Anti-social behaviour","BT521PE"
"2016-04",-5.931852,54.599458,"BANK STREET","Anti-social behaviour","BT11HL"
"2016-04",-5.957816,54.620241,"DEERPARK ROAD","Anti-social behaviour","BT147PX"
"2017-04",-7.648518,54.352195,"DERRIN PARK","Anti-social behaviour","BT746BW"
"2015-05",-6.342979,54.171882,"CLEARY CRESCENT","Anti-social behaviour","BT358AQ"
"2015-01",-6.017228,54.555549,"CHESTNUT PARK","Other theft","BT170JX"
"2017-06",-6.027665,54.519942,"GRAND COURT","Anti-social behaviour","BT274AR"
"2015-06",-6.289181,54.869488,"CARNINY ROAD","Anti-social behaviour","BT435LA"
"2016-01",-5.698051,54.59165,"JOHN STREET","Anti-social behaviour","BT486JY"
"2015-03",-5.893638,54.222905,"BURRENVIEW WAY","Other theft","BT330JQ"
"2016-12",-5.928741,54.597032,"DONEGALL SQUARE EAST","Anti-social behaviour","BT15HD"
"2015-12",-5.935169,54.588355,"LISBURN ROAD","Violence and sexual offences","BT97GY"
"2015-02",-6.39584,54.189777,"ARD AVEEN PARK","Anti-social behaviour","BT357BX"
"2017-01",-6.043742,54.512557,"RAILWAY STREET","Violence and sexual offences","BT617HP"
"2015-09",-7.473973,54.820549,"LISNAFIN PARK","Criminal damage and arson","BT829DJ"
"2015-07",-6.950542,55.050469,"MARKET STREET","Shoplifting","BT622BP"
"2016-09",-5.994011,54.990366,"ATLANTIC AVENUE","Violence and sexual offences","BT152HN"
"2017-06",-5.696529,54.59668,"MARQUIS STREET","Anti-social behaviour","BT234DX"
"2015-08",-5.828466,54.533051,"HILLMOUNT DRIVE","Drugs","BT236BE"
"2016-12",-6.178905,54.720128,"SOMERSET PARK","Anti-social behaviour","BT513LH"
"2015-06",-5.847327,54.587983,"GILNAHIRK ROAD","Other theft","BT57QL"
"2017-03",-5.906445,54.585228,"ARDENWOOD","Criminal damage and arson","BT68QP"
"2015-10",-7.460367,54.830532,"NANCYS LANE","Criminal damage and arson","BT828LA"
"2017-09",-5.950851,54.637122,"SLIEVECOOLE PARK","Anti-social behaviour","BT797PJ"
"2016-06",-7.30536,54.60052,"CHURCH STREET","Vehicle crime","BT343HN"
"2016-11",-5.703103,54.591791,"JOHN STREET COURT","Anti-social behaviour","BT234JQ"
"2017-03",-6.221145,54.807409,"FERNISKY TERRACE","Robbery","BT423JN"
"2016-03",-5.896091,54.5676,"BEECHGROVE PARK","Violence and sexual offences","BT942BG"
"2016-10",-6.556827,54.505702,"MILLTOWN LANE","Violence and sexual offences","BT621TB"
"2017-10",-5.944106,54.589388,"COLCHESTER PARK","Violence and sexual offences","BT125PZ"
"2016-01",-5.99795,54.564405,"BROOKE PARK","Criminal damage and arson","BT423BL"
"2015-06",-6.02433,54.555099,"GLASVEY WALK","Criminal damage and arson","BT170DE"
"2015-08",-6.004043,54.679773,"MALLUSK ROAD","Criminal damage and arson","BT364PP"
"2016-03",-6.277867,54.860838,"PATRICK PLACE","Anti-social behaviour","BT422BA"
"2015-07",-6.105694,54.291129,"KATESBRIDGE ROAD","Other crime","BT252PN"
"2017-03",-7.225109,54.614029,"KILLYCLOGHER ROAD","Anti-social behaviour","BT790AX"
"2016-03",-5.898413,54.678642,"GLENVILLE PARK","Criminal damage and arson","BT370TE"
"2016-10",-6.76975,54.504095,"SCOTCH STREET","Anti-social behaviour","BT306AN"
"2017-08",-5.901525,54.595467,"ALBERTBRIDGE ROAD","Anti-social behaviour","BT54GS"
"2015-08",-7.277917,54.998614,"DURHAM PARK","Shoplifting","BT475YD"
"2015-07",-6.047476,54.561135,"OLD COLIN ROAD","Criminal damage and arson","BT170NS"
"2015-01",-5.999062,54.754506,"CAMERON COURT","Shoplifting","BT399UZ"
"2017-07",-5.667276,54.663573,"HIGH STREET","Anti-social behaviour","BT248AB"
"2017-06",-5.668128,54.639778,"BALLOO AVENUE","Anti-social behaviour","BT197QT"
"2016-08",-6.00513,54.549734,"AUBURN PLACE","Bicycle theft","BT179AQ"
"2015-08",-5.986793,54.580905,"FRUITHILL PARK","Vehicle crime","BT118GD"
"2017-02",-7.034666,55.042955,"CLOONEY ROAD","Anti-social behaviour","BT473DZ"
"2017-09",-7.469399,54.820565,"ST. MARYS PLACE","Anti-social behaviour","BT829BH"
"2015-09",-5.931612,54.591385,"ASHBURNE PLACE","Criminal damage and arson","BT71SE"
"2015-02",-5.925779,54.586208,"DUDLEY STREET","Burglary","BT71GW"
"2017-04",-6.677798,54.576945,"WEST STREET DRIVE","Violence and sexual offences","BT715HL"
"2016-08",-7.314638,54.599953,"STRULE PARK","Violence and sexual offences","BT785HW"
"2017-07",-5.937263,54.619155,"CASTLETON GARDENS","Anti-social behaviour","BT153BY"
"2015-04",-5.930334,54.599189,"CASTLE STREET","Shoplifting","BT307QQ"
"2017-04",-5.890051,54.36732,"BROOMHILL ROAD","Burglary","BT248QD"
"2016-04",-5.969391,54.278119,"OWENS ROAD","Anti-social behaviour","BT319EQ"
"2016-01",-6.269098,54.849942,"LANNTARA","Anti-social behaviour","BT423BQ"
"2017-05",-5.692683,54.644957,"BALLYGOWAN GARDENS","Violence and sexual offences","BT191QG"
"2017-06",-6.635705,54.346511,"ORANGEFIELD DRIVE","Criminal damage and arson","BT601DU"
"2015-10",-5.897426,54.594524,"TEMPLEMORE STREET","Anti-social behaviour","BT54SB"
"2016-01",-6.061748,54.505695,"KILLANEY AVENUE","Anti-social behaviour","BT281QU"
"2015-05",-7.32083,54.997442,"MAGAZINE STREET","Anti-social behaviour","BT486HH"
"2016-04",-5.896888,54.595054,"AVONIEL ROAD","Anti-social behaviour","BT54SE"
"2017-04",-5.925203,54.602102,"VICTORIA STREET","Vehicle crime","BT679DG"
"2016-12",-7.237315,54.718528,"CULVACULLION ROAD","Criminal damage and arson","BT798QE"
"2015-11",-5.65349,54.638929,"WILLOWBROOK CRESCENT","Anti-social behaviour","BT197GF"
"2017-02",-5.935054,54.598569,"KING STREET","Anti-social behaviour","BT16BF"
"2016-09",-6.338723,54.468499,"PRINCES CLOSE","Criminal damage and arson","BT679GY"
"2016-09",-5.938137,54.589636,"MATILDA AVENUE","Violence and sexual offences","BT125NL"
"2015-06",-6.336355,54.465277,"WILLIAM STREET","Other theft","BT486EP"
"2016-04",-7.308967,54.59587,"DROMORE ROAD RETAIL PARK","Anti-social behaviour","BT781RE"
"2016-04",-5.930149,54.591854,"MARYVILLE STREET","Violence and sexual offences","BT71AE"
"2015-08",-7.474212,54.808153,"TURNBERRY MANOR","Violence and sexual offences","BT829TB"
"2016-02",-6.419583,54.425578,"PRINCESS WAY","Other theft","BT635EN"
"2016-09",-5.92641,54.601179,"HILL STREET","Violence and sexual offences","BT12LB"
"2015-10",-7.213844,54.980601,"LETTERSHENDONY AVENUE","Anti-social behaviour","BT473HY"
"2017-07",-6.084159,54.527948,"GLENWOOD COURT","Vehicle crime","BT283UD"
"2015-11",-6.438555,54.426274,"FOUNDRY STREET","Anti-social behaviour","BT635AB"
"2015-02",-7.466248,54.824764,"MAGIRR PARK","Violence and sexual offences","BT829EN"
"2016-11",-5.805448,54.715548,"ANTRIM STREET","Violence and sexual offences","BT281AU"
"2015-05",-5.93528,54.58585,"UNIVERSITY SQUARE MEWS","Burglary","BT71JU"
"2016-08",-5.903216,54.593574,"UPPER FRANK STREET","Violence and sexual offences","BT54NR"
"2015-08",-7.353399,54.962066,"STONEYPATH","Burglary","BT472AF"
"2017-11",-5.909904,54.672883,"STATION ROAD","Violence and sexual offences","BT41RF"
"2016-06",-7.278065,55.042576,"THORNHILL PARK","Anti-social behaviour","BT488PB"
"2017-12",-6.273761,54.350293,"SCARVA WALK","Anti-social behaviour","BT323AB"
"2016-07",-5.853051,54.861552,"WALNUT GREEN","Anti-social behaviour","BT402WP"
"2017-10",-7.323641,55.001221,"CLARENDON STREET","Anti-social behaviour","BT487ET"
"2016-07",-5.70673,54.530264,"BALLYDRAIN ROAD","Burglary","BT236EA"
"2017-11",-5.661448,54.646299,"SKIPPERSTONE DRIVE","Violence and sexual offences","BT197HU"
"2016-02",-5.908806,54.675254,"PRINCES CRESCENT","Violence and sexual offences","BT370BB"
"2017-06",-6.346952,54.17288,"DORANS HILL","Anti-social behaviour","BT358EJ"
"2016-08",-5.657818,54.654729,"SUNNINGDALE PARK","Anti-social behaviour","BT204UU"
"2017-08",-6.678039,54.849388,"SUNNYSIDE PARK","Anti-social behaviour","BT465BG"
"2015-01",-5.657703,54.396451,"INISHBEG","Burglary","BT309TR"
"2016-07",-6.044499,54.513512,"RAILWAY STREET","Other theft","BT617HP"
"2016-09",-5.913049,54.577094,"RAVENHILL ROAD","Bicycle theft","BT68EF"
"2016-12",-5.943826,54.575285,"CLEAVER COURT","Anti-social behaviour","BT95LX"
"2015-05",-6.294681,54.371408,"GLASSESTOWN ROAD","Anti-social behaviour","BT323UD"
"2016-09",-6.275698,54.352163,"IVEAGH DRIVE","Anti-social behaviour","BT323YE"
"2015-06",-5.951867,54.608612,"MCCANDLESS STREET","Anti-social behaviour","BT131RU"
"2016-06",-6.743266,54.640053,"FOUNTAIN CLOSE","Violence and sexual offences","BT808QR"
"2016-04",-7.633988,54.469206,"SALLYS WOOD","Other theft","BT941HQ"
"2017-02",-5.928554,54.600102,"WINECELLAR ENTRY","Anti-social behaviour","BT11QN"
"2016-03",-6.257476,54.104203,"RATH CUAIN","Possession of weapons","BT343PF"
"2017-09",-5.628868,54.65634,"BRIANVILLE PARK","Anti-social behaviour","BT196DZ"
"2017-10",-5.968091,54.590224,"FALLS ROAD","Anti-social behaviour","BT119AB"
"2016-10",-6.020592,54.572262,"GARVEY GLEN","Anti-social behaviour","BT119RJ"
"2015-02",-5.861635,54.577409,"WAYSIDE CLOSE","Violence and sexual offences","BT57JT"
"2017-10",-6.20685,54.894453,"FIR PARK","Anti-social behaviour","BT424DH"
"2017-08",-6.786247,54.505843,"BALLYSAGGART PARK","Violence and sexual offences","BT701UJ"
"2015-08",-6.721652,55.179828,"PROSPECT ROAD","Anti-social behaviour","BT205DA"
"2015-03",-5.923358,54.600947,"QUEENS SQUARE","Anti-social behaviour","BT13FF"
"2016-01",-7.335451,54.989169,"ANNE STREET","Vehicle crime","BT603NX"
"2017-10",-5.933746,54.581619,"LANDSEER STREET","Anti-social behaviour","BT95AL"
"2015-02",-6.521516,54.299929,"HALFORD MEWS","Anti-social behaviour","BT601PQ"
"2017-08",-5.924805,54.615699,"PARKMOUNT STREET","Burglary","BT153DW"
"2017-04",-5.830809,54.459431,"QUEENS PARK NORTH","Other crime","BT247AU"
"2015-11",-6.349373,54.170532,"BARCROFT PARK","Violence and sexual offences","BT358EW"
"2015-02",-5.671813,54.659042,"RAILWAYVIEW STREET","Anti-social behaviour","BT203BY"
"2015-09",-5.711151,54.316048,"GLEBETOWN DRIVE","Criminal damage and arson","BT306QB"
"2017-04",-5.897282,54.107728,"MAIN STREET","Anti-social behaviour","BT936HW"
"2016-06",-5.934292,54.600173,"BERRY STREET","Shoplifting","BT11FJ"
"2016-06",-5.66799,54.663003,"MAIN STREET","Drugs","BT936HW"
"2015-02",-5.90613,54.595286,"ALBERTBRIDGE ROAD","Other crime","BT54GS"
"2017-02",-6.468492,54.423028,"BALTYLUM MEADOWS","Vehicle crime","BT624AB"
"2016-11",-6.274908,54.872143,"DEVENAGH WAY","Anti-social behaviour","BT436EW"
"2017-08",-6.692453,54.982661,"LYTTLESDALE","Anti-social behaviour","BT515EA"
"2016-01",-6.214996,54.591729,"HOPECROFT","Anti-social behaviour","BT294GP"
"2016-06",-5.731081,54.553349,"COPELAND CRESCENT","Violence and sexual offences","BT235JA"
"2015-11",-7.030191,54.464206,"KNOCK CRESCENT","Criminal damage and arson","BT702JN"
"2016-05",-6.670388,55.128804,"NEW ROW","Shoplifting","BT521AF"
"2016-10",-6.193796,54.719641,"CROSSREAGH DRIVE","Anti-social behaviour","BT379DY"
"2017-06",-5.695784,54.60247,"GREENWOOD AVENUE","Anti-social behaviour","BT234HJ"
"2015-05",-5.648462,54.482275,"WHITEROCK BAY","Other theft","BT236QA"
"2015-04",-6.252404,54.108469,"FAIRVIEW","Criminal damage and arson","BT343GD"
"2015-03",-5.921428,54.64548,"GREENCASTLE CLOSE","Burglary","BT367HT"
"2015-08",-6.184973,54.732986,"BUSH ROAD","Violence and sexual offences","BT716QE"
"2015-03",-6.579676,54.894938,"TAMLAGHT ROAD","Anti-social behaviour","BT448TG"
"2017-05",-6.780518,54.507447,"SPRINGDALE","Violence and sexual offences","BT701EJ"
"2015-02",-6.759465,54.509317,"KILLYMEAL PARK","Anti-social behaviour","BT716JR"
"2015-07",-6.526258,55.080405,"BEECHCROFT","Other theft","BT536NF"
"2015-11",-5.678155,54.631552,"SUMMERFIELD","Possession of weapons","BT237RA"
"2017-03",-7.319935,54.499351,"ASHFIELD GARDENS","Anti-social behaviour","BT153FW"
"2016-07",-6.946438,55.05302,"ALEXANDER ROAD","Criminal damage and arson","BT490BW"
"2015-12",-6.278889,54.864986,"GEORGE STREET","Anti-social behaviour","BT666BL"
"2015-09",-6.608523,54.753465,"QUEENS AVENUE","Anti-social behaviour","BT365HU"
"2017-11",-5.894678,54.555113,"CARNBRAE PARK","Vehicle crime","BT86TP"
"2017-06",-5.806112,54.851953,"TOWER ROAD","Criminal damage and arson","BT237PN"
"2017-03",-6.65986,55.135138,"WINDSOR AVENUE","Vehicle crime","BT389RX"
"2017-04",-5.933398,54.597974,"COLLEGE STREET","Bicycle theft","BT16ET"
"2015-09",-5.928429,54.647945,"VANDYCK CRESCENT","Vehicle crime","BT367HF"
"2017-11",-6.278889,54.864986,"GEORGE STREET","Violence and sexual offences","BT666BL"
"2016-02",-6.33075,54.193753,"CASTLEOWEN","Criminal damage and arson","BT341GF"
"2015-07",-6.65847,55.147565,"KENBANE AVENUE","Anti-social behaviour","BT522QN"
"2016-11",-5.939684,54.61323,"BRUCEVALE PARK","Vehicle crime","BT146BQ"
"2015-11",-5.619965,54.663075,"TOWERVIEW CRESCENT","Drugs","BT196AZ"
"2016-06",-6.361624,54.439657,"CLANROLLA PARK","Violence and sexual offences","BT655HZ"
"2016-10",-6.05051,54.508569,"MANOR DRIVE","Criminal damage and arson","BT281QX"
"2017-09",-7.424824,54.734412,"STRABANE ROAD","Other crime","BT817HZ"
"2015-04",-6.442288,54.41927,"TAVANAGH AVENUE","Anti-social behaviour","BT623AJ"
"2017-02",-6.048862,54.745516,"KILBRIDE ROAD","Other theft","BT306JS"
"2016-05",-6.359474,54.37352,"DUNBARTON STREET","Anti-social behaviour","BT636HJ"
"2015-04",-5.663477,54.665755,"VICTORIA ROAD","Other theft","BT41QU"
"2015-06",-7.359531,55.032846,"BENVIEW ESTATE","Anti-social behaviour","BT480NQ"
"2016-09",-6.36542,54.441497,"DRUMELLAN GARDENS","Violence and sexual offences","BT655HH"
"2016-02",-5.931179,54.593507,"BEDFORD STREET","Other theft","BT27EN"
"2016-03",-6.06299,54.511411,"DONARD DRIVE","Violence and sexual offences","BT281UU"
"2015-07",-5.987556,54.575149,"SOUTH LINK","Violence and sexual offences","BT118GX"
"2015-03",-5.931179,54.593507,"BEDFORD STREET","Anti-social behaviour","BT27EN"
"2015-05",-5.976067,54.630296,"SQUIRES VIEW","Criminal damage and arson","BT148FS"
"2015-11",-5.889751,54.517621,"QUEENSFORT PARK SOUTH","Criminal damage and arson","BT88NH"
"2017-09",-5.931955,54.603844,"UNION STREET","Violence and sexual offences","BT536HT"
"2016-11",-5.699524,54.598731,"GLENARD ROAD","Anti-social behaviour","BT234HS"
"2016-05",-6.381363,54.447237,"ENNISKEEN","Anti-social behaviour","BT654AB"
"2017-12",-5.688661,54.654126,"SILVERSTREAM AVENUE","Anti-social behaviour","BT203LP"
"2017-08",-5.896483,54.673981,"SHORE ROAD","Criminal damage and arson","BT413NW"
"2016-02",-6.70339,54.492737,"CAVAN ROAD","Violence and sexual offences","BT716QW"
"2015-12",-5.961293,54.428243,"LOUGHERNE ROAD","Criminal damage and arson","BT266NL"
"2015-03",-7.473778,54.829522,"LIFFORD ROAD","Other crime","BT828ER"
"2017-02",-5.906297,54.59112,"CHERRYVILLE STREET","Anti-social behaviour","BT68BJ"
"2017-07",-6.329301,54.464641,"CASTLE LANE","Violence and sexual offences","BT235EB"
"2015-03",-5.952162,54.599641,"FALLS COURT","Violence and sexual offences","BT132SW"
"2017-11",-5.930261,54.598181,"DONEGALL PLACE","Anti-social behaviour","BT15AB"
"2016-02",-5.905507,54.595347,"MOUNTPOTTINGER ROAD","Anti-social behaviour","BT54LP"
"2017-04",-6.711212,55.178407,"CRANFIELD COURT","Anti-social behaviour","BT557NZ"
"2017-05",-6.666669,55.149595,"ATLANTIC COURT","Anti-social behaviour","BT522AZ"
"2015-04",-7.319963,54.996961,"SHIPQUAY STREET","Violence and sexual offences","BT486DN"
"2016-06",-6.288579,54.422247,"NEW LINE","Anti-social behaviour","BT161UU"
"2017-11",-6.65746,55.19211,"GLENMANUS ROAD","Possession of weapons","BT568HU"
"2015-04",-6.041776,54.555545,"WHITE GLEN","Anti-social behaviour","BT170XN"
"2017-04",-7.346697,54.989275,"RATHLIN DRIVE","Anti-social behaviour","BT489RR"
"2015-09",-6.00874,54.681072,"MALLUSK ROAD","Other theft","BT364PP"
"2015-07",-5.46732,54.442273,"CASTLE MEADOW ROAD","Violence and sexual offences","BT221GA"
"2017-04",-7.337664,54.990465,"LONE MOOR ROAD","Burglary","BT489LB"
"2016-03",-6.707971,55.175265,"OLD MILL GRANGE","Anti-social behaviour","BT557GE"
"2015-07",-5.949897,54.081149,"ANNALONG ROAD","Violence and sexual offences","BT344PG"
"2017-11",-6.203505,54.616931,"BRAMBLE WOOD","Anti-social behaviour","BT294FG"
"2017-06",-6.343468,54.167702,"DUBLIN ROAD","Violence and sexual offences","BT358QP"
"2016-09",-5.674099,54.660811,"DUFFERIN AVENUE","Anti-social behaviour","BT203AD"
"2016-12",-6.520544,54.29148,"MOWHAN ROAD","Vehicle crime","BT601RQ"
"2016-06",-6.36561,54.444859,"HILLCREST MANOR","Other theft","BT655BX"
"2015-08",-6.298019,54.847188,"ROSSDALE","Bicycle theft","BT475RD"
"2017-06",-6.638605,55.199357,"SUNNYVALE AVENUE","Violence and sexual offences","BT568JH"
"2017-04",-5.964375,54.628725,"WALLASEY PARK","Violence and sexual offences","BT146PN"
"2017-12",-7.184809,55.024498,"DUNBOYNE PARK","Violence and sexual offences","BT473YJ"
"2015-05",-5.609962,54.260285,"KILDARE STREET","Criminal damage and arson","BT307TR"
"2016-11",-5.99199,54.583103,"AITNAMONA CRESCENT","Anti-social behaviour","BT118PN"
"2016-09",-5.938064,54.626878,"ANTRIM ROAD","Shoplifting","BT152AH"
"2017-08",-5.928741,54.597032,"DONEGALL SQUARE EAST","Violence and sexual offences","BT15HD"
"2016-07",-6.058467,54.513998,"HILLSIDE GARDENS","Shoplifting","BT196SJ"
"2015-04",-7.270991,55.030686,"BUTLER CRESCENT","Drugs","BT476XY"
"2016-09",-5.711553,54.327351,"FOUNTAIN COURT","Violence and sexual offences","BT306HT"
"2017-04",-6.754013,54.638601,"WESTBURY CRESCENT","Anti-social behaviour","BT808WA"
"2017-07",-6.652648,55.204409,"KERR STREET","Anti-social behaviour","BT568DQ"
"2016-10",-6.178567,54.704148,"BELFAST ROAD","Other theft","BT248EB"
"2015-08",-5.67,54.661209,"CENTRAL STREET","Anti-social behaviour","BT203AG"
"2017-05",-5.972926,54.620899,"WHEATFIELD CRESCENT","Violence and sexual offences","BT147HT"
"2015-09",-6.280001,54.365486,"MEADOWBANK","Criminal damage and arson","BT370UP"
"2017-12",-5.949338,54.630565,"SUNNINGDALE PARK NORTH","Anti-social behaviour","BT146RZ"
"2017-08",-5.964788,54.613646,"CRUMLIN ROAD","Violence and sexual offences","BT147EA"
"2016-09",-7.478651,54.789452,"LISMORE GROVE","Violence and sexual offences","BT829FT"
"2015-10",-7.333559,55.005264,"NASSAU CRESCENT","Anti-social behaviour","BT480EZ"
"2015-03",-5.927653,54.600778,"WARING STREET","Other theft","BT424BU"
"2016-11",-6.472896,54.253896,"CUSHER GREEN","Criminal damage and arson","BT602TT"
"2017-05",-5.988346,54.679567,"ROGAN MANOR","Anti-social behaviour","BT364BB"
"2016-03",-7.300044,54.606437,"MOUNTJOY ROAD","Criminal damage and arson","BT715DY"
"2017-12",-6.394086,54.121199,"GULLION VIEW","Drugs","BT358TY"
"2017-05",-5.939137,54.610265,"VICINAGE PARK","Anti-social behaviour","BT146BA"
"2015-10",-7.674452,54.328183,"ASHWOODS ROAD","Anti-social behaviour","BT745HL"
"2015-10",-5.679568,54.65459,"CHURCH STREET","Criminal damage and arson","BT343HN"
"2016-02",-7.289062,54.973663,"STEVENSON PARK","Anti-social behaviour","BT473QS"
"2016-05",-7.328535,54.992661,"CHARLOTTE STREET","Other theft","BT343LF"
"2016-09",-5.712967,54.328456,"CROFT CLOSE","Violence and sexual offences","BT440EW"
"2015-05",-5.889179,54.212934,"MAIN STREET","Anti-social behaviour","BT936HW"
"2017-04",-6.277281,54.354746,"IVEAGH CLOSE","Violence and sexual offences","BT323YG"
"2015-12",-7.628692,54.359188,"DRUMBEG","Criminal damage and arson","BT655AE"
"2017-12",-5.643469,54.250872,"KENNEDY PARK","Vehicle crime","BT307RD"
"2016-12",-6.35678,54.273708,"CANAL BANK","Drugs","BT356SP"
"2017-09",-5.9336,54.5946,"AMELIA STREET","Criminal damage and arson","BT27GS"
"2015-11",-5.932413,54.614643,"ILCHESTER STREET","Criminal damage and arson","BT152LB"
"2017-04",-5.932404,54.586753,"BOTANIC AVENUE","Violence and sexual offences","BT71JL"
"2016-02",-5.983229,54.580387,"ANDERSONSTOWN PARK","Anti-social behaviour","BT118FG"
"2015-05",-5.948269,54.581974,"EDINBURGH STREET","Vehicle crime","BT97DS"
"2017-07",-5.889074,54.596553,"BLOOMFIELD AVENUE","Anti-social behaviour","BT55AB"
"2017-08",-6.071191,54.500904,"PRIESTS LANE","Other theft","BT275RB"
"2015-03",-5.657568,54.643186,"BLOOMFIELD COURT","Anti-social behaviour","BT197HY"
"2017-04",-5.929112,54.662854,"RATHMORE WAY","Anti-social behaviour","BT379DS"
"2017-09",-5.7158,54.405706,"BALLYWILLIN ROAD","Anti-social behaviour","BT568JL"
"2017-03",-7.30061,54.593324,"KEVLIN GLEN","Anti-social behaviour","BT781PG"
"2016-05",-6.931354,55.039522,"MEADOWVALE PARK","Anti-social behaviour","BT490SL"
"2015-03",-5.697009,54.59393,"LOWER MARY STREET","Criminal damage and arson","BT234JH"
"2015-10",-5.936558,54.604641,"STANHOPE DRIVE","Anti-social behaviour","BT131BL"
"2017-02",-5.947382,54.58177,"LISBURN ROAD","Shoplifting","BT97GY"
"2016-07",-6.279061,54.864251,"GALGORM STREET","Anti-social behaviour","BT435AU"
"2015-01",-7.2925,54.997514,"ABBEYDALE","Drugs","BT476FY"
"2015-07",-5.640434,54.251351,"CASTLE STREET","Anti-social behaviour","BT307QQ"
"2017-04",-6.370944,54.444842,"CLONMEEN","Violence and sexual offences","BT654AR"
"2015-03",-6.418948,54.43406,"HILLSIDE CRESCENT","Violence and sexual offences","BT324NT"
"2017-12",-6.678345,54.575334,"ARDSTEWART","Violence and sexual offences","BT715HS"
"2017-09",-6.276193,54.882179,"DUNVALE","Violence and sexual offences","BT436PA"
"2016-10",-5.809181,54.726047,"MACROOM GARDENS","Anti-social behaviour","BT388NB"
"2016-03",-6.707971,55.175265,"OLD MILL GRANGE","Anti-social behaviour","BT557GE"
"2017-05",-5.938649,54.621452,"WILLOWBANK GARDENS","Criminal damage and arson","BT155AH"
"2015-04",-6.335466,54.466271,"CLARA STREET","Other theft","BT679AP"
"2015-09",-7.32592,54.99111,"BELLEVUE AVENUE","Anti-social behaviour","BT486TG"
"2017-05",-7.213844,54.980601,"LETTERSHENDONY AVENUE","Anti-social behaviour","BT473HY"
"2015-10",-5.951677,54.596371,"ABERCORN STREET NORTH","Criminal damage and arson","BT124NE"
"2017-03",-5.705956,54.580388,"SHACKLETON WALK","Criminal damage and arson","BT234RE"
"2015-01",-6.142803,54.407002,"CHURCH MEADOWS","Violence and sexual offences","BT251LZ"
"2016-03",-5.821362,54.723535,"WOODBURN AVENUE","Criminal damage and arson","BT388HE"
"2017-04",-6.331148,54.459051,"TRASNA WAY","Burglary","BT920LU"
"2017-08",-7.111874,54.623789,"DRUMMAN GLEN","Violence and sexual offences","BT799LY"
"2016-04",-7.369168,54.401348,"MORROW PARK","Anti-social behaviour","BT750LT"
"2015-09",-7.638603,54.362182,"DERRYGORE ROAD","Anti-social behaviour","BT744FH"
"2017-10",-5.928374,54.601518,"DONEGALL STREET","Anti-social behaviour","BT12GQ"
"2017-06",-5.898963,54.597741,"BASKIN STREET","Violence and sexual offences","BT54HS"
"2017-02",-5.95075,54.585852,"ULSTERVILLE GARDENS","Burglary","BT97BB"
"2017-11",-6.767731,54.55937,"AGHARAN ROAD","Burglary","BT714HG"
"2017-06",-7.3056,54.997158,"GLOUCESTER AVENUE","Anti-social behaviour","BT635DS"
"2015-04",-5.936677,54.593421,"SANDY ROW","Violence and sexual offences","BT125EU"
"2016-03",-6.36496,54.376433,"ANN STREET","Criminal damage and arson","BT546AA"
"2015-04",-5.708177,54.754405,"CHESTER AVENUE","Anti-social behaviour","BT389QQ"
"2015-07",-6.546881,54.779729,"BROAGH VILLAGE","Anti-social behaviour","BT458FD"
"2017-03",-5.919596,54.607639,"PILOT STREET","Anti-social behaviour","BT13EZ"
"2015-08",-6.156288,54.904594,"LOUGHLOUGHAN ROAD","Anti-social behaviour","BT437HZ"
"2015-06",-7.333761,55.003469,"ROSEMOUNT AVENUE","Other theft","BT480HL"
"2016-09",-6.011017,54.566912,"BLACKS ROAD","Anti-social behaviour","BT119LS"
"2016-12",-5.947486,54.252687,"O'DONNELL CLOSE","Violence and sexual offences","BT319TT"
"2015-08",-6.350091,54.15826,"CHANCELLORS ROAD","Anti-social behaviour","BT358PR"
"2017-09",-5.918341,54.674637,"RATHFERN WAY","Criminal damage and arson","BT366BX"
"2016-09",-5.959955,54.569152,"MYRTLEFIELD PARK","Other theft","BT96NE"
"2016-02",-6.355705,54.180772,"LAUREL HILL","Other theft","BT358HL"
"2015-01",-6.350768,54.874248,"MOUNT DAVYS ROAD","Violence and sexual offences","BT421HE"
"2017-07",-5.715354,54.326722,"LYNN DOYLE PLACE","Violence and sexual offences","BT306BZ"
"2017-09",-5.930305,54.598533,"DONEGALL PLACE","Violence and sexual offences","BT15AB"
"2016-01",-6.665152,55.129726,"ADELAIDE AVENUE","Anti-social behaviour","BT97FY"
"2016-05",-6.261242,54.857385,"MEADOWVALE","Shoplifting","BT667RL"
"2017-03",-6.280104,54.867554,"FOUNTAIN PLACE","Violence and sexual offences","BT436DX"
"2017-10",-5.939056,54.586435,"MINDS WAY","Anti-social behaviour","BT96PU"
"2017-08",-5.564218,54.659558,"THE CRANAGH","Drugs","BT210ET"
"2017-06",-5.926271,54.615176,"MOUNTCOLLYER ROAD","Anti-social behaviour","BT153DT"
"2017-11",-6.748199,54.491008,"RANFURLY HEIGHTS","Burglary","BT716PL"
"2015-08",-6.007763,54.576247,"CORRIB AVENUE","Anti-social behaviour","BT119JB"
"2017-11",-6.334905,54.45426,"GRACEY DRIVE","Violence and sexual offences","BT668HB"
"2016-08",-6.639809,54.380095,"SALTERS GRANGE ROAD","Other crime","BT618EX"
"2016-08",-6.576167,54.484055,"DERRYLILEAGH ROAD","Other theft","BT621TQ"
"2017-08",-6.330078,54.181174,"WINDSOR HILL","Criminal damage and arson","BT667FZ"
"2017-12",-5.989853,54.577488,"NORTH GREEN","Vehicle crime","BT118JE"
"2016-11",-6.6721,54.753846,"DURNASCALLON LANE","Drugs","BT455LZ"
"2016-01",-6.061041,54.526474,"PARKLAND AVENUE","Criminal damage and arson","BT283JP"
"2015-02",-6.784321,54.498951,"GRANVILLE ROAD","Anti-social behaviour","BT701NJ"
"2017-04",-5.936287,54.625581,"SKEGONEILL AVENUE","Other theft","BT153JP"
"2016-08",-5.626099,54.287688,"BALLYBRANNAGH ROAD","Other theft","BT307HF"
"2016-05",-5.933315,54.616096,"HALLIDAYS ROAD","Criminal damage and arson","BT152LR"
"2017-10",-6.92444,55.148586,"SEACOAST ROAD","Violence and sexual offences","BT499DW"
"2015-11",-6.333434,54.465417,"NORTH STREET","Anti-social behaviour","BT341DB"
"2016-10",-5.965072,54.620354,"GLENBRYN GARDENS","Burglary","BT147JA"
"2016-11",-6.927191,55.043681,"JANES VALLEY","Anti-social behaviour","BT490EH"
"2017-06",-6.670388,55.128804,"NEW ROW","Shoplifting","BT521AF"
"2015-10",-6.65275,54.346343,"LINENHALL STREET","Anti-social behaviour","BT490HQ"
"2016-09",-5.96603,54.611079,"WOODVALE PARADE","Violence and sexual offences","BT133LH"
"2017-08",-6.93571,55.046908,"SHANREAGH PARK","Vehicle crime","BT490SF"
"2015-03",-7.648518,54.352195,"DERRIN PARK","Anti-social behaviour","BT746BW"
"2017-12",-6.347927,54.190288,"LISDRUM AVENUE","Shoplifting","BT356AQ"
"2015-07",-5.99491,54.750808,"BALLYNURE ROAD","Other theft","BT399AJ"
"2017-09",-7.725578,54.521067,"ERNE PARK","Anti-social behaviour","BT931SJ"
"2017-08",-5.929349,54.60822,"MCCLEERY STREET","Anti-social behaviour","BT151FN"
"2016-09",-5.940114,54.597963,"STANLEY COURT","Anti-social behaviour","BT124FY"
"2017-10",-5.890707,54.210014,"CASTLE PLACE","Criminal damage and arson","BT785ER"
"2017-02",-5.987572,54.565104,"ORCHARDVILLE CRESCENT","Anti-social behaviour","BT100JT"
"2015-05",-6.645001,55.19694,"CAPTAIN SHUTT GARDENS","Anti-social behaviour","BT568SH"
"2017-04",-5.896897,54.212198,"SHIMNA MILE","Anti-social behaviour","BT330TQ"
"2016-12",-5.668234,54.659557,"MARKET STREET","Anti-social behaviour","BT622BP"
"2016-04",-5.935054,54.598569,"KING STREET","Criminal damage and arson","BT16BF"
"2016-12",-7.314723,55.013783,"FARREN PARK","Criminal damage and arson","BT487QH"
"2015-01",-5.961001,54.604544,"CALEDON STREET","Anti-social behaviour","BT133AX"
"2017-03",-6.202675,54.893349,"GUIDE STREET","Burglary","BT424JU"
"2015-11",-5.706197,54.756183,"DONEGALL AVENUE","Criminal damage and arson","BT126LX"
"2016-06",-5.676554,54.473464,"CHURCHILL PARK","Anti-social behaviour","BT621EX"
"2017-03",-5.88668,54.402978,"WINDMILL CRESCENT","Anti-social behaviour","BT248EZ"
"2016-08",-5.905731,54.58828,"ROSLYN STREET","Criminal damage and arson","BT68JL"
"2017-07",-5.945926,54.632816,"WOODBURN DRIVE","Anti-social behaviour","BT155FR"
"2016-12",-6.040631,54.510125,"LINENHALL STREET","Drugs","BT490HQ"
"2017-07",-5.954681,54.588605,"ROCKVIEW STREET","Anti-social behaviour","BT126JQ"
"2016-08",-6.104159,54.699817,"CASTLETON","Other theft","BT390AZ"
"2017-06",-7.318649,54.982276,"WOODSIDE HEIGHTS","Anti-social behaviour","BT472LA"
"2017-06",-7.318668,55.033675,"ELAGHMORE PARK","Anti-social behaviour","BT488DX"
"2016-03",-6.650306,54.347735,"THE MALL WEST","Anti-social behaviour","BT619AJ"
"2016-11",-5.950682,54.604154,"CONWAY STREET","Violence and sexual offences","BT132DE"
"2017-11",-7.327247,55.000496,"FRANCIS STREET","Anti-social behaviour","BT666DL"
"2017-08",-7.336417,55.030962,"WOODBROOK","Violence and sexual offences","BT488FQ"
"2016-08",-5.92307,54.565568,"HAMPTON PARK","Violence and sexual offences","BT197GL"
"2015-12",-5.697675,54.659689,"GLENVIEW PARK","Anti-social behaviour","BT370TG"
"2015-01",-5.9336,54.5946,"AMELIA STREET","Anti-social behaviour","BT27GS"
"2017-09",-7.493551,54.787584,"GARVAN ROAD","Vehicle crime","BT829NZ"
"2015-12",-6.757754,54.503649,"KILLYMAN ROAD","Anti-social behaviour","BT716LN"
"2015-10",-6.481627,54.955578,"CHURCHFIELDS","Anti-social behaviour","BT448TP"
"2015-05",-5.961805,54.590325,"IVEAGH DRIVE","Shoplifting","BT323YE"
"2015-12",-6.474389,54.873017,"CULLYBACKEY ROAD","Other theft","BT435DG"
"2015-07",-5.965405,54.615858,"CRANBROOK COURT","Criminal damage and arson","BT147HA"
"2016-03",-5.890654,54.518967,"BLENHEIM PARK","Anti-social behaviour","BT88NN"
"2017-03",-5.708843,54.593715,"CIRCULAR ROAD","Anti-social behaviour","BT234EU"
"2017-09",-6.258292,54.419604,"BAIRD AVENUE","Anti-social behaviour","BT667LP"
"2017-06",-5.83661,54.631055,"LARCH CLOSE","Anti-social behaviour","BT189SQ"
"2017-11",-5.865362,54.58009,"GREEN MOUNT","Violence and sexual offences","BT57LG"
"2015-03",-5.930126,54.550208,"DRUMART DRIVE","Anti-social behaviour","BT87EU"
"2016-02",-5.871556,54.607244,"TUDOR DALE","Criminal damage and arson","BT41SQ"
"2015-06",-6.364763,54.452557,"PINEBANK","Anti-social behaviour","BT655DA"
"2017-06",-5.938663,54.60403,"SHANKILL TERRACE","Anti-social behaviour","BT131EN"
"2016-06",-5.927195,54.60219,"HILL STREET","Violence and sexual offences","BT12LB"
"2016-04",-5.895304,54.592475,"AVONIEL DRIVE","Public order","BT54SJ"
"2015-08",-6.663686,55.133707,"RAILWAY PLACE","Violence and sexual offences","BT521PQ"
"2016-04",-5.654025,54.638787,"WILLOWBROOK PARK","Burglary","BT197GY"
"2016-05",-5.921757,54.670302,"INNISCARN DRIVE","Violence and sexual offences","BT379JR"
"2017-02",-6.271332,54.883619,"DUNCLUG GARDENS","Anti-social behaviour","BT436NW"
"2015-09",-5.704276,54.652303,"LYNNE AVENUE","Anti-social behaviour","BT191NZ"
"2017-02",-6.744976,54.645884,"CENTRAL AVENUE","Violence and sexual offences","BT203AF"
"2015-01",-6.001698,54.064688,"ROONEY ROAD","Shoplifting","BT344AG"
"2015-04",-7.462386,54.824971,"MAIN STREET","Anti-social behaviour","BT936HW"
"2016-08",-5.96916,54.587708,"CLONDARA STREET","Other theft","BT126ER"
"2017-08",-7.337977,54.997024,"DEMESNE AVENUE","Violence and sexual offences","BT667BL"
"2016-01",-6.416888,54.359992,"WILLOWFIELD","Anti-social behaviour","BT622EJ"
"2016-09",-5.708468,54.589925,"MYOLA PLACE","Violence and sexual offences","BT234NJ"
"2016-03",-5.771271,54.320122,"WOODGRANGE ROAD","Other crime","BT308JH"
"2015-07",-5.928635,54.592727,"ORMEAU AVENUE","Violence and sexual offences","BT28HB"
"2016-08",-5.932635,54.591645,"VENTRY STREET","Theft from the person","BT27JP"
"2015-03",-6.352703,54.997039,"FROSSES ROAD","Violence and sexual offences","BT449NF"
"2017-10",-5.885724,54.402692,"WINDMILL CRESCENT","Anti-social behaviour","BT248EZ"
"2016-11",-5.908932,54.594041,"VICTOR PLACE","Anti-social behaviour","BT667LB"
"2017-07",-7.306828,54.991201,"GOOD SHEPHERD GLEN","Other theft","BT472GA"
"2016-08",-5.814448,54.712692,"BELFAST ROAD","Violence and sexual offences","BT248EB"
"2016-02",-6.170339,54.237085,"KILTARIFF DRIVE","Criminal damage and arson","BT345PW"
"2017-04",-6.279474,54.351606,"BROOKFIELD AVENUE","Anti-social behaviour","BT323BZ"
"2017-05",-7.330341,54.617056,"BELTANY ROAD","Violence and sexual offences","BT785NA"
"2016-03",-6.468016,54.42339,"BALTYLUM MEADOWS","Violence and sexual offences","BT624AB"
"2015-12",-6.042839,54.51141,"MARKET SQUARE","Anti-social behaviour","BT414DN"
"2016-06",-6.158781,54.274449,"KATESBRIDGE ROAD","Violence and sexual offences","BT252PN"
"2015-11",-5.940546,54.6078,"FLORENCE SQUARE","Violence and sexual offences","BT131EU"
"2016-02",-7.348319,54.992346,"LISLANE DRIVE","Anti-social behaviour","BT489TU"
"2016-10",-5.976128,54.559208,"LOCKSLEY PARK","Anti-social behaviour","BT100AT"
"2016-06",-7.292274,54.975694,"IVY MEAD","Violence and sexual offences","BT473WW"
"2015-09",-6.186919,54.719332,"NORFOLK COURT","Criminal damage and arson","BT412SF"
"2015-07",-5.650517,54.401479,"BRAESIDE GARDENS","Violence and sexual offences","BT309QE"
"2017-04",-5.926802,54.598958,"ANN STREET","Anti-social behaviour","BT546AA"
"2017-12",-5.676961,54.664424,"PRINCETOWN ROAD","Anti-social behaviour","BT203TD"
"2017-02",-6.687529,54.983264,"MAIN STREET","Anti-social behaviour","BT936HW"
"2016-07",-5.936558,54.604641,"STANHOPE DRIVE","Drugs","BT131BL"
"2017-10",-5.711151,54.316048,"GLEBETOWN DRIVE","Anti-social behaviour","BT306QB"
"2016-04",-6.257852,54.105817,"ESSMORE","Criminal damage and arson","BT343PE"
"2016-06",-5.926802,54.598958,"ANN STREET","Theft from the person","BT546AA"
"2016-07",-6.274047,54.866408,"BALLYMONEY STREET","Anti-social behaviour","BT436AN"
"2016-03",-5.92591,54.598233,"VICTORIA SQUARE","Violence and sexual offences","BT14QG"
"2016-07",-5.986571,54.578493,"COMMEDAGH DRIVE","Violence and sexual offences","BT118GH"
"2016-11",-5.932543,54.587061,"BOTANIC AVENUE","Violence and sexual offences","BT71JL"
"2017-04",-7.356619,54.959882,"FOYLE CRESCENT","Anti-social behaviour","BT472QP"
"2016-08",-7.304337,55.033118,"CORNSHELL FIELDS","Burglary","BT487UH"
"2017-10",-5.882138,54.596306,"BEERSBRIDGE ROAD","Anti-social behaviour","BT55DY"
"2015-11",-7.64034,54.349925,"RIVERSIDE","Violence and sexual offences","BT746BR"
"2016-04",-6.219974,54.730729,"MULL ROAD","Criminal damage and arson","BT412TR"
"2015-04",-5.931754,54.598036,"FOUNTAIN STREET","Other theft","BT414BB"
"2017-07",-6.452773,54.346639,"CABRAGH ROAD","Criminal damage and arson","BT703AH"
"2015-06",-6.006369,54.063166,"MOUNTAIN ROAD","Anti-social behaviour","BT234UL"
"2016-01",-6.195808,54.714523,"ALDERPARK","Anti-social behaviour","BT411JU"
"2016-03",-6.637581,55.195788,"BALLYWILLIN CRESCENT","Anti-social behaviour","BT568GJ"
"2015-06",-6.007805,54.549698,"KINGSWAY","Anti-social behaviour","BT179EW"
"2016-02",-6.253589,54.204609,"RYAN ROAD","Violence and sexual offences","BT342HZ"
"2015-05",-7.327015,54.995716,"LECKY ROAD","Vehicle crime","BT486NP"
"2016-08",-5.702427,54.327231,"BENDERG AVENUE","Anti-social behaviour","BT306RS"
"2015-01",-6.339119,54.175351,"THE MALL","Anti-social behaviour","BT341BX"
"2016-11",-6.455059,54.434429,"BALLYORAN PARK","Violence and sexual offences","BT621JN"
"2017-12",-6.036467,54.56084,"ARDCAOIN GREEN","Violence and sexual offences","BT170UR"
"2015-02",-5.799914,54.85424,"CHAINE MEMORIAL ROAD","Anti-social behaviour","BT401AD"
"2017-07",-7.341248,55.019571,"BRANCH ROAD","Criminal damage and arson","BT401TX"
"2016-08",-5.886353,54.592615,"HOLLYCROFT AVENUE","Anti-social behaviour","BT55JE"
"2015-04",-5.692777,54.650126,"BALLIGAN GARDENS","Violence and sexual offences","BT191PZ"
"2015-01",-5.905309,54.563645,"GLENCREGAGH ROAD","Criminal damage and arson","BT86FZ"
"2015-11",-7.219875,55.028797,"CLOGHOLE ROAD","Violence and sexual offences","BT473JW"
"2017-07",-5.94704,54.624838,"WESTLAND WAY","Possession of weapons","BT146TA"
"2016-01",-5.957842,54.574606,"MOONSTONE STREET","Other theft","BT97HL"
"2015-02",-6.339519,54.463308,"SHANKILL STREET","Anti-social behaviour","BT666EH"
"2015-03",-6.686106,54.52156,"CRANEBROOK CRESCENT","Burglary","BT716JH"
"2017-11",-5.931179,54.593507,"BEDFORD STREET","Drugs","BT27EN"
"2017-06",-6.220897,54.482581,"ST. JOHNS PARK","Violence and sexual offences","BT488AL"
"2017-09",-6.702733,54.545628,"GLEN PARK","Violence and sexual offences","BT714PP"
"2017-06",-6.422978,54.42184,"ULSTERVILLE PARK","Anti-social behaviour","BT635EY"
"2017-10",-6.647217,54.123602,"ASSAN ROAD","Other theft","BT350LJ"
"2016-06",-7.318992,54.995249,"NEWMARKET STREET","Anti-social behaviour","BT486EB"
"2015-11",-6.447836,54.422082,"WEST STREET","Shoplifting","BT389HR"
"2015-09",-7.633553,54.295276,"CHESTNUT GROVE","Violence and sexual offences","BT341JT"
"2017-01",-6.682174,55.126515,"KYLEMORE ROAD","Criminal damage and arson","BT513HG"
"2015-08",-5.993002,54.587369,"MONAGH ROAD","Anti-social behaviour","BT118EF"
"2016-03",-6.650776,54.36482,"DRUMSILL PARK","Anti-social behaviour","BT618EG"
"2017-10",-5.9336,54.5946,"AMELIA STREET","Anti-social behaviour","BT27GS"
"2015-12",-5.901698,54.684404,"LYNDA MEADOWS","Burglary","BT370AT"
"2017-12",-5.989858,54.588692,"NORGLEN GROVE","Violence and sexual offences","BT118DL"
"2015-12",-6.341618,54.182933,"CHEQUER HILL","Anti-social behaviour","BT356DY"
"2016-03",-5.924849,54.597496,"SEYMOUR STREET","Violence and sexual offences","BT536JR"
"2015-08",-5.899176,54.592093,"CASTLEREAGH ROAD","Anti-social behaviour","BT55FZ"
"2017-06",-6.179095,54.707597,"ABBEYFIELD PARK","Violence and sexual offences","BT412DH"
"2017-04",-6.060126,54.507672,"JUBILEE PLACE","Violence and sexual offences","BT281ED"
"2017-03",-5.933366,54.592484,"DOWNSHIRE PLACE","Violence and sexual offences","BT27JQ"
"2017-02",-5.930439,54.592551,"BANKMORE STREET","Anti-social behaviour","BT71AQ"
"2016-05",-6.045402,54.511092,"MARKET SQUARE","Anti-social behaviour","BT414DN"
"2016-09",-5.972454,54.558463,"MALFIN DRIVE","Violence and sexual offences","BT96QS"
"2016-07",-5.916435,54.670085,"LINFORD GREEN","Violence and sexual offences","BT379LL"
"2015-06",-6.267193,54.34701,"RATHFRILAND STREET","Anti-social behaviour","BT323LA"
"2015-08",-6.769659,55.147597,"WOODEND PARK","Violence and sexual offences","BT514UY"
"2016-04",-5.964735,54.666468,"HIGHTOWN GARDENS","Other theft","BT367TN"
"2017-07",-6.323532,54.460149,"LIME GROVE","Anti-social behaviour","BT668HL"
"2015-09",-6.045402,54.511092,"MARKET SQUARE","Shoplifting","BT414DN"
"2017-01",-5.981085,54.6009,"BLACK MOUNTAIN GROVE","Vehicle crime","BT133TU"
"2015-06",-5.928554,54.600102,"WINECELLAR ENTRY","Anti-social behaviour","BT11QN"
"2016-09",-6.647712,55.198497,"SKERRYMOR PLACE","Anti-social behaviour","BT568JS"
"2016-07",-5.936357,54.599121,"HAMILL STREET","Anti-social behaviour","BT124AA"
"2017-04",-5.717713,54.328824,"ENGLISH STREET","Anti-social behaviour","BT306AB"
"2016-03",-5.931955,54.603844,"UNION STREET","Other theft","BT536HT"
"2015-09",-7.361549,54.395253,"CLABBY ROAD","Anti-social behaviour","BT750QY"
"2017-11",-6.192086,54.69321,"ABBEY GARDENS","Violence and sexual offences","BT57HL"
"2015-09",-7.639065,54.346274,"MARKET STREET","Anti-social behaviour","BT622BP"
"2016-08",-5.837577,54.290895,"THE SQUARE","Other crime","BT717SG"
"2015-09",-5.902482,54.674318,"ABBEYVILLE PARK","Anti-social behaviour","BT370AH"
"2015-09",-6.949222,55.053071,"MAIN STREET","Violence and sexual offences","BT936HW"
"2017-03",-6.065904,54.519355,"LENWOOD HILL","Anti-social behaviour","BT282XN"
"2016-05",-5.891737,54.598019,"CONNSWATER STREET","Anti-social behaviour","BT41HT"
"2015-07",-7.305876,54.599319,"JOHN STREET","Drugs","BT486JY"
"2015-05",-6.561975,54.196377,"BALLYMOYER ROAD","Burglary","BT350AJ"
"2015-08",-5.925599,54.577876,"HAYWOOD DRIVE","Criminal damage and arson","BT73BA"
"2017-09",-6.276331,54.855579,"TOOME ROAD","Burglary","BT422BT"
"2015-12",-6.949222,55.053071,"MAIN STREET","Shoplifting","BT936HW"
"2015-08",-6.337984,54.459325,"HILL STREET","Violence and sexual offences","BT12LB"
"2016-12",-5.934292,54.600173,"BERRY STREET","Shoplifting","BT11FJ"
"2017-08",-5.931149,54.595941,"DONEGALL SQUARE WEST","Anti-social behaviour","BT16JH"
"2015-03",-6.339799,54.173671,"MILL STREET","Violence and sexual offences","BT941GR"
"2016-02",-7.172904,54.410673,"CATHEDRAL CLOSE","Other theft","BT617EE"
"2017-01",-5.930439,54.592551,"BANKMORE STREET","Drugs","BT71AQ"
"2015-05",-6.333109,54.460516,"CORONATION STREET","Shoplifting","BT623BA"
"2016-04",-6.65461,54.353443,"LONSDALE ROAD","Violence and sexual offences","BT617JX"
"2016-05",-5.832547,54.460397,"COMBER STREET","Anti-social behaviour","BT247AZ"
"2016-03",-5.93543,54.595116,"GLENGALL STREET","Violence and sexual offences","BT125AB"
"2016-04",-5.812115,54.859573,"FERRIS AVENUE","Criminal damage and arson","BT401EZ"
"2016-10",-5.956765,54.614023,"FLAX STREET","Criminal damage and arson","BT147EJ"
"2017-12",-6.269043,54.863228,"TARDREE GROVE","Other theft","BT437BJ"
"2015-06",-7.356592,55.015216,"FARLAND WAY","Anti-social behaviour","BT480RS"
"2016-09",-5.879563,54.576197,"TULLYARD WAY","Violence and sexual offences","BT69NU"
"2016-09",-6.607817,54.75096,"GREENVALE PARK","Anti-social behaviour","BT456DP"
"2017-11",-5.921683,54.639267,"SHORE CRESCENT","Violence and sexual offences","BT154JS"
"2015-12",-5.896505,54.401802,"WINDMILL STREET","Violence and sexual offences","BT248HB"
"2015-10",-5.725446,54.31657,"RACECOURSE CLOSE","Violence and sexual offences","BT306US"
"2016-07",-5.932039,54.609515,"QUEENS PARADE","Anti-social behaviour","BT790DJ"
"2017-07",-5.681706,54.652708,"AVA STREET","Anti-social behaviour","BT73BS"
"2016-03",-5.936846,54.625869,"SKEGONEILL AVENUE","Violence and sexual offences","BT153JP"
"2017-03",-5.95078,54.606509,"MATCHETT STREET","Anti-social behaviour","BT131QD"
"2015-11",-5.949824,54.57996,"DERRYVOLGIE AVENUE","Shoplifting","BT96FL"
"2016-01",-7.453516,54.822794,"SPRINGHILL PARK","Anti-social behaviour","BT828BZ"
"2016-12",-6.805828,54.503001,"BALLYGAWLEY ROAD","Violence and sexual offences","BT701RW"
"2016-11",-5.948981,54.57088,"CRANMORE PARK","Bicycle theft","BT96JF"
"2016-08",-6.309858,54.451028,"SHANNAGHMORE PARK","Criminal damage and arson","BT667PT"
"2015-07",-6.749769,54.635575,"DRUM ROAD","Anti-social behaviour","BT808JG"
"2016-01",-7.325315,55.003925,"LAWRENCE HILL","Violence and sexual offences","BT487NJ"
"2016-04",-6.059252,54.516967,"MONAVILLE DRIVE","Violence and sexual offences","BT282DR"
"2015-08",-6.454885,54.415712,"BROWNSTOWN PARK","Anti-social behaviour","BT623QJ"
"2016-09",-5.686568,54.645955,"MEADOWVALE CRESCENT","Shoplifting","BT191HQ"
"2015-02",-5.959041,54.589901,"BROADWAY","Violence and sexual offences","BT126HQ"
"2017-03",-6.652293,54.345754,"DOBBIN STREET","Violence and sexual offences","BT617QQ"
"2016-05",-5.706524,54.595063,"CHURCH STREET","Other theft","BT343HN"
"2015-02",-6.679965,55.129339,"CASTLE PLACE","Violence and sexual offences","BT785ER"
"2016-09",-6.922254,55.044598,"WHISPERING PINES","Criminal damage and arson","BT490UB"
"2016-03",-6.713135,54.548003,"THE SHANOCH","Violence and sexual offences","BT714XA"
"2017-06",-6.491631,54.44702,"DRUMNEVAN ROAD","Violence and sexual offences","BT621RS"
"2017-03",-6.658767,55.134507,"WINDSOR AVENUE","Anti-social behaviour","BT389RX"
"2016-06",-6.946927,55.04573,"BENBRADAGH AVENUE","Anti-social behaviour","BT490AP"
"2017-09",-6.217359,54.80508,"CROSSHILL VIEW","Anti-social behaviour","BT423JS"
"2015-04",-6.666437,54.840512,"MULLAGH COURT","Anti-social behaviour","BT465RH"
"2015-12",-5.649763,54.637491,"BALMORAL PARK","Anti-social behaviour","BT100QD"
"2016-12",-6.196294,54.397552,"KILLYSORRELL ROAD","Anti-social behaviour","BT251LB"
"2017-12",-7.345466,55.002491,"GLENOWEN PARK","Anti-social behaviour","BT480LJ"
"2015-07",-6.15438,54.640235,"DUNDESERT ROAD","Other theft","BT294SL"
"2015-06",-6.707215,54.628606,"TULLYVEAGH ROAD","Possession of weapons","BT808RY"
"2017-09",-7.32083,54.997442,"MAGAZINE STREET","Anti-social behaviour","BT486HH"
"2015-01",-6.948057,55.039021,"IRWIN AVENUE","Violence and sexual offences","BT43AF"
"2017-06",-6.021374,54.54975,"THORNHILL CRESCENT","Anti-social behaviour","BT170RH"
"2016-09",-7.320455,54.991871,"CARLISLE ROAD","Drugs","BT152PT"
"2015-04",-6.068771,54.507047,"DRUMBEG DRIVE","Violence and sexual offences","BT281NY"
"2015-07",-5.999105,54.551558,"DUNMURRY LANE","Anti-social behaviour","BT179JR"
"2015-05",-6.046267,54.542778,"DERRIAGHY ROAD","Criminal damage and arson","BT283SH"
"2017-08",-5.661095,54.641925,"BALLYREE DRIVE","Violence and sexual offences","BT197RG"
"2017-02",-6.274047,54.866408,"BALLYMONEY STREET","Other theft","BT436AN"
"2017-04",-6.278889,54.864986,"GEORGE STREET","Violence and sexual offences","BT666BL"
"2015-07",-6.375944,54.189636,"CLOUGHREAGH PARK","Violence and sexual offences","BT357EH"
"2016-05",-6.077346,54.522368,"RATHVARNA AVENUE","Anti-social behaviour","BT282UZ"
"2015-10",-6.444747,54.422284,"WILLIAM STREET","Violence and sexual offences","BT486EP"
"2017-12",-6.945305,55.046148,"RATHBEG CRESCENT","Anti-social behaviour","BT490AT"
"2015-12",-6.039844,54.556834,"WHITE RISE","Drugs","BT170XD"
"2017-04",-6.945523,55.052734,"ALEXANDER ROAD","Anti-social behaviour","BT490BW"
"2017-07",-6.283153,54.864713,"HOPE STREET","Violence and sexual offences","BT435EE"
"2017-06",-6.441213,54.422032,"SANDY ROW","Anti-social behaviour","BT125EU"
"2015-05",-5.910878,54.587776,"RAVENHILL ROAD","Anti-social behaviour","BT68EF"
"2017-04",-6.282285,54.354269,"BROOKDALE","Anti-social behaviour","BT323FD"
"2015-08",-6.276408,54.353188,"IVEAGH DRIVE","Criminal damage and arson","BT323YE"
"2016-05",-7.299106,54.995019,"LINCOLN COURT","Criminal damage and arson","BT475NX"
"2016-08",-6.951976,55.051882,"MAIN STREET","Criminal damage and arson","BT936HW"
"2017-12",-6.214358,54.713684,"FOUNTAIN STREET","Violence and sexual offences","BT414BB"
"2015-09",-6.396724,54.450254,"AVONDALE MANOR","Anti-social behaviour","BT641AE"
"2017-02",-6.663686,55.133707,"RAILWAY PLACE","Anti-social behaviour","BT521PQ"
"2016-12",-5.976382,54.624272,"LEGGAGH COURT","Violence and sexual offences","BT148AY"
"2015-12",-5.998281,54.532406,"GREENVALE","Burglary","BT179LR"
"2016-10",-5.710616,54.331215,"CLINTONS PARK","Violence and sexual offences","BT306NS"
"2016-07",-5.933398,54.597974,"COLLEGE STREET","Anti-social behaviour","BT16ET"
"2017-09",-5.830809,54.459431,"QUEENS PARK NORTH","Other theft","BT247AU"
"2017-02",-5.948001,54.595608,"MCDONNELL COURT","Public order","BT124DN"
"2016-09",-5.984697,54.627394,"WEAVERSHILL COURT","Other theft","BT148PW"
"2015-12",-7.32998,55.02683,"MOSS PARK","Violence and sexual offences","BT488JZ"
"2015-06",-5.930334,54.599189,"CASTLE STREET","Drugs","BT307QQ"
"2015-03",-5.923546,54.551946,"CASTLEDILLON ROAD","Other theft","BT87BH"
"2016-10",-6.557364,54.953078,"DRUMKILL GARDENS","Violence and sexual offences","BT515RA"
"2015-09",-8.095469,54.479974,"CARLTON COTTAGES","Vehicle crime","BT933FJ"
"2016-09",-6.744188,54.64884,"COAGH CRESCENT","Violence and sexual offences","BT808NH"
"2017-06",-6.969432,54.484329,"DERGENAGH ROAD","Anti-social behaviour","BT701TW"
"2016-10",-6.11726,54.498827,"GRAVELHILL ROAD","Anti-social behaviour","BT275RW"
"2017-06",-5.992113,54.578711,"BINGNIAN DRIVE","Burglary","BT118JD"
"2017-06",-6.523545,55.206193,"MAIN STREET","Violence and sexual offences","BT936HW"
"2017-09",-6.753721,54.49262,"BALLYNORTHLAND PARK","Other theft","BT716DY"
"2017-04",-5.939027,54.62622,"KENBELLA PARADE","Possession of weapons","BT155DX"
"2015-06",-6.211654,54.625614,"PARKFIELD","Anti-social behaviour","BT294SG"
"2016-01",-7.630325,54.343561,"DERRYCHARA ROAD","Violence and sexual offences","BT746JF"
"2015-02",-5.666286,54.663536,"HIGH STREET","Violence and sexual offences","BT248AB"
"2016-09",-7.318785,54.992697,"JOHN STREET","Anti-social behaviour","BT486JY"
"2017-10",-6.037107,54.510185,"STANNUS PLACE","Drugs","BT275AP"
"2016-05",-5.92249,54.577571,"FERNWOOD STREET","Criminal damage and arson","BT73BQ"
"2016-10",-5.664276,54.663444,"HOLBORN AVENUE","Anti-social behaviour","BT205EH"
"2016-07",-5.99524,54.058587,"ANCHORAGE COVE","Criminal damage and arson","BT344FD"
"2017-12",-6.330872,54.46168,"MARKET STREET","Shoplifting","BT622BP"
"2016-08",-6.033496,54.556713,"GLENBAWN DRIVE","Anti-social behaviour","BT170TZ"
"2016-02",-6.67688,54.510292,"DRUMKEE ROAD","Anti-social behaviour","BT716JA"
"2016-12",-6.006793,54.282921,"BALLYDRUMMAN ROAD","Violence and sexual offences","BT319UA"
"2016-10",-5.93543,54.595116,"GLENGALL STREET","Anti-social behaviour","BT125AB"
"2016-03",-6.253652,54.546723,"CRUMLIN ROAD","Violence and sexual offences","BT147EA"
"2017-11",-6.447077,54.42218,"WEST STREET","Anti-social behaviour","BT389HR"
"2016-01",-6.810788,54.529418,"BREWERY LANE","Anti-social behaviour","BT703PW"
"2016-07",-6.324895,54.158945,"ULSTER VILLAS","Violence and sexual offences","BT342NZ"
"2016-08",-6.021876,54.568096,"MERRION PARK","Criminal damage and arson","BT170SE"
"2016-07",-5.898782,54.403657,"CHURCH LANE","Violence and sexual offences","BT14QN"
"2017-08",-7.638743,54.354942,"YOAN ROAD","Anti-social behaviour","BT746EL"
"2016-12",-6.184681,54.711401,"DONORE CRESCENT","Anti-social behaviour","BT411JA"
"2017-04",-5.939726,54.624948,"PARKVILLE COURT","Violence and sexual offences","BT155EW"
"2016-08",-6.653187,55.072524,"BALLYLINTAGH ROAD","Violence and sexual offences","BT513SP"
"2015-07",-7.66957,54.56463,"CASTLEDERG ROAD","Burglary","BT784PH"
"2016-03",-6.395529,54.196997,"O'DONOGHUE PARK","Vehicle crime","BT357AA"
"2017-08",-5.896989,54.5967,"HORNBY STREET","Anti-social behaviour","BT54JH"
"2015-09",-5.692998,54.649231,"KILCLIEF GARDENS","Anti-social behaviour","BT191QZ"
"2017-11",-6.022025,54.563435,"OLD COLIN","Violence and sexual offences","BT170AX"
"2016-10",-5.959809,54.620957,"CLIFTONDENE PARK","Other theft","BT147PG"
"2017-04",-6.275342,54.860156,"ALFRED STREET PLACE","Criminal damage and arson","BT424BT"
"2016-01",-5.935929,54.610633,"KINNAIRD STREET","Violence and sexual offences","BT146BE"
"2017-08",-5.934406,54.594568,"GREAT VICTORIA STREET","Anti-social behaviour","BT27AG"
"2017-09",-6.614701,54.750859,"HIGHFIELD CRESCENT","Violence and sexual offences","BT455JE"
"2017-10",-5.947648,54.59863,"ROSS STREET","Criminal damage and arson","BT124EA"
"2017-04",-5.918121,54.600758,"STATION STREET","Violence and sexual offences","BT39DA"
"2015-04",-6.212628,54.587875,"OAK GROVE MANOR","Criminal damage and arson","BT294ZS"
"2017-11",-6.341205,54.468902,"LOUGH ROAD","Anti-social behaviour","BT666JJ"
"2017-02",-6.470348,54.503021,"DERRYTRASNA PARK","Violence and sexual offences","BT666QU"
"2015-10",-6.446787,54.421691,"MANDEVILLE STREET","Criminal damage and arson","BT623PB"
"2017-06",-5.934608,54.567644,"WILLESDEN PARK","Anti-social behaviour","BT95GX"
"2017-05",-5.816459,54.53482,"HILLSBOROUGH ROAD","Anti-social behaviour","BT252BL"
"2016-09",-5.543164,54.638079,"BEECHFIELD DRIVE","Violence and sexual offences","BT210BA"
"2016-03",-6.666936,55.132189,"BROOK STREET","Burglary","BT521PP"
"2017-07",-6.276285,54.877472,"CHISWICK WALK","Violence and sexual offences","BT436LH"
"2016-03",-6.51892,54.80822,"MAIN STREET","Drugs","BT936HW"
"2016-01",-6.666791,55.123366,"MOUNTSANDEL ROAD","Anti-social behaviour","BT521TA"
"2015-02",-7.469195,54.827759,"MAIN STREET","Other crime","BT936HW"
"2015-12",-6.704135,54.539399,"DUNGANNON ROAD","Shoplifting","BT714HP"
"2016-08",-5.870686,54.58863,"CLARA WAY","Drugs","BT56GN"
"2015-03",-5.800921,54.84804,"FLEET STREET","Vehicle crime","BT401BA"
"2016-10",-5.903294,54.592353,"ISTHMUS STREET","Violence and sexual offences","BT69AS"
"2015-02",-7.305876,54.599319,"JOHN STREET","Anti-social behaviour","BT486JY"
"2016-08",-5.96193,54.68687,"BALLYCRAIGY PARK","Criminal damage and arson","BT365XF"
"2015-08",-6.249324,55.201755,"ANN STREET","Anti-social behaviour","BT546AA"
"2016-04",-5.896327,54.587928,"ARDGOWAN DRIVE","Anti-social behaviour","BT69BY"
"2015-07",-5.92641,54.601179,"HILL STREET","Violence and sexual offences","BT12LB"
"2017-10",-5.841529,54.605742,"MASSEY PARK","Anti-social behaviour","BT42JX"
"2016-11",-5.920936,54.606863,"CLARENDON ROAD","Anti-social behaviour","BT13BG"
"2016-06",-6.215784,54.477753,"CLAREHILL ROAD","Violence and sexual offences","BT670PD"
"2017-07",-7.535649,54.316777,"MAIN STREET","Anti-social behaviour","BT936HW"
"2016-03",-6.028937,54.551553,"LAGMORE GROVE","Anti-social behaviour","BT170TD"
"2017-02",-5.930334,54.599189,"CASTLE STREET","Violence and sexual offences","BT307QQ"
"2015-08",-5.988053,54.608995,"LYNDHURST PATH","Anti-social behaviour","BT133XY"
"2017-02",-7.265945,54.888341,"SHELAHS ROAD","Other theft","BT820PT"
"2016-06",-7.281825,54.609348,"KNOCKSHEE PARK","Anti-social behaviour","BT797PH"
"2017-09",-5.919773,54.658165,"MERVILLE GARDEN VILLAGE","Shoplifting","BT379TZ"
"2016-12",-5.944057,54.60326,"DOVER PLACE","Criminal damage and arson","BT132JG"
"2016-02",-5.933119,54.58088,"PRETORIA STREET","Anti-social behaviour","BT95AQ"
"2017-08",-7.306821,54.612,"CREGGAN PARK","Anti-social behaviour","BT797XD"
"2017-08",-5.941804,54.258009,"MAIN STREET","Criminal damage and arson","BT936HW"
"2016-01",-6.651847,54.350439,"THE MALL EAST","Other crime","BT619BE"
"2016-10",-5.889632,54.59234,"HYNDFORD STREET","Violence and sexual offences","BT55EN"
"2016-09",-7.46881,54.784846,"THE WILLOWS","Other theft","BT238FJ"
"2017-06",-7.289145,54.988431,"PELHAM ROAD","Anti-social behaviour","BT476FF"
"2016-07",-5.962153,54.600088,"SPRINGFIELD CRESCENT","Anti-social behaviour","BT701QU"
"2017-04",-5.672675,54.659957,"DUFFERIN AVENUE","Anti-social behaviour","BT203AD"
"2017-03",-6.204964,54.716986,"KILGREEL ROAD","Other theft","BT411EG"
"2016-12",-5.934622,54.595794,"HOWARD STREET","Violence and sexual offences","BT16PJ"
"2015-05",-6.044693,54.508484,"IVAN STREET","Burglary","BT281YN"
"2017-05",-6.51047,55.073763,"ALEXANDRA AVENUE","Violence and sexual offences","BT536ET"
"2017-10",-5.922587,54.63886,"SHORE CRESCENT","Anti-social behaviour","BT154JS"
"2016-02",-5.93528,54.58585,"UNIVERSITY SQUARE MEWS","Violence and sexual offences","BT71JU"
"2017-04",-5.897518,54.402772,"HIGH STREET","Violence and sexual offences","BT248AB"
"2016-06",-5.886469,54.59038,"ABETTA PARADE","Other theft","BT55LA"
"2015-12",-6.052203,54.517761,"BELLEVUE DRIVE","Anti-social behaviour","BT283DJ"
"2016-03",-7.646647,54.351561,"DERRIN ROAD","Anti-social behaviour","BT746BA"
"2015-05",-6.752354,54.490872,"BALLYNORTHLAND PARK","Criminal damage and arson","BT716DY"
"2017-12",-6.338106,54.466586,"WILLIAM STREET","Violence and sexual offences","BT486EP"
"2017-07",-6.145582,54.417081,"MEGANLIS PARK","Anti-social behaviour","BT251BU"
"2015-07",-5.929698,54.610499,"NEW LODGE PLACE","Violence and sexual offences","BT152DX"
"2016-05",-7.321576,54.997635,"WILLIAM STREET","Burglary","BT486EP"
"2015-09",-6.946802,55.053464,"ALEXANDER ROAD","Criminal damage and arson","BT490BW"
"2017-07",-5.818128,54.852924,"VICTORIA ROAD","Criminal damage and arson","BT41QU"
"2015-04",-5.964698,54.614507,"BALHOLM DRIVE","Criminal damage and arson","BT147NA"
"2015-02",-6.946283,55.038664,"IRWIN AVENUE","Violence and sexual offences","BT43AF"
"2015-03",-6.667146,55.133386,"BROOK STREET","Criminal damage and arson","BT521PP"
"2017-03",-6.698899,54.44705,"THE HOLLOWS","Anti-social behaviour","BT667FF"
"2016-05",-7.327805,54.998936,"CREGGAN STREET","Anti-social behaviour","BT489AP"
"2017-12",-5.935872,54.588223,"SANDY ROW","Criminal damage and arson","BT125EU"
"2016-03",-7.233761,54.717706,"MAIN STREET","Violence and sexual offences","BT936HW"
"2017-03",-5.932404,54.586753,"BOTANIC AVENUE","Robbery","BT71JL"
"2015-09",-6.015862,54.569992,"RIVERSIDE MEWS","Violence and sexual offences","BT414DX"
"2017-07",-6.278581,54.87295,"HOLLAND PARK","Violence and sexual offences","BT56HB"
"2017-11",-6.334306,54.463704,"CHURCH PLACE","Possession of weapons","BT666EU"
"2017-05",-6.554446,54.778113,"PARKER AVENUE","Violence and sexual offences","BT568JZ"
"2016-09",-7.30036,55.018983,"GLENEAGLES","Anti-social behaviour","BT449PQ"
"2017-07",-6.452142,54.426791,"ROSE COTTAGES","Anti-social behaviour","BT621RY"
"2016-11",-5.683893,54.590283,"STANGATE AVENUE","Anti-social behaviour","BT238NQ"
"2016-12",-5.92591,54.598233,"VICTORIA SQUARE","Shoplifting","BT14QG"
"2015-12",-6.272913,54.856869,"WAKEHURST ROAD","Anti-social behaviour","BT423LJ"
"2015-10",-7.325204,55.029139,"ALTCAR PARK","Public order","BT488HZ"
"2017-09",-6.666936,55.132189,"BROOK STREET","Anti-social behaviour","BT521PP"
"2015-05",-5.644842,54.643829,"BEXLEY MEADOW","Anti-social behaviour","BT197TR"
"2016-03",-5.821355,54.850844,"DUNLUCE STREET","Other theft","BT401JG"
"2017-01",-6.20227,54.722103,"PARKHALL ROAD","Burglary","BT411BU"
"2016-04",-6.463488,54.42212,"WESTLAND ROAD","Anti-social behaviour","BT624DE"
"2015-08",-5.930157,54.594127,"CLARENCE STREET","Vehicle crime","BT435DP"
"2015-04",-6.018055,54.555715,"ASPEN PARK","Criminal damage and arson","BT170JY"
"2017-08",-5.943988,54.60493,"MALVERN STREET","Violence and sexual offences","BT131JB"
"2016-10",-5.838929,54.856207,"FAIRWAY","Anti-social behaviour","BT402BG"
"2017-08",-6.787376,54.513598,"THE WILLOWS","Anti-social behaviour","BT238FJ"
"2015-09",-5.683013,54.661863,"MAXWELL PARK","Violence and sexual offences","BT203SH"
"2015-06",-5.908498,54.589226,"LONDON ROAD","Anti-social behaviour","BT68EY"
"2017-08",-6.668697,55.132495,"CHURCH LANE","Anti-social behaviour","BT14QN"
"2016-01",-6.509022,55.066379,"RACEVIEW DRIVE","Anti-social behaviour","BT537UE"
"2015-01",-5.954992,54.589806,"MONARCH PARADE","Violence and sexual offences","BT126GU"
"2016-12",-6.763469,54.513751,"OAKS ROAD","Violence and sexual offences","BT714AS"
"2016-08",-6.274417,54.349701,"SCARVA STREET","Criminal damage and arson","BT323NH"
"2015-06",-6.714026,55.183171,"CASTLETON PARK","Other theft","BT557EJ"
"2017-01",-5.808829,54.718754,"ROSEBROOK AVENUE","Criminal damage and arson","BT388NP"
"2016-10",-5.899545,54.400184,"DROMORE STREET","Anti-social behaviour","BT68PF"
"2017-10",-5.993272,54.571812,"RIVERDALE PARK NORTH","Vehicle crime","BT119DL"
"2015-04",-5.901617,54.591264,"WILLOWFIELD STREET","Violence and sexual offences","BT69AU"
"2015-12",-6.254825,54.106896,"GANNA WAY","Anti-social behaviour","BT343LT"
"2016-06",-7.297777,54.6114,"LISANELLY HEIGHTS","Violence and sexual offences","BT797AR"
"2016-06",-5.987037,54.628313,"LIGONIEL PLACE","Anti-social behaviour","BT148DX"
"2015-01",-6.657725,54.35603,"RAILWAY STREET","Anti-social behaviour","BT617HP"
"2015-06",-5.701667,54.592554,"MILL STREET COURT","Violence and sexual offences","BT234JE"
"2017-07",-5.870312,54.586889,"CLARAWOOD PARK","Anti-social behaviour","BT56FW"
"2015-12",-6.377709,54.192679,"BROOKLAWNS","Violence and sexual offences","BT357NR"
"2016-07",-7.698039,54.475609,"LISCREEVIN ROAD","Burglary","BT941LN"
"2015-01",-7.319177,55.019342,"RACECOURSE ROAD","Anti-social behaviour","BT488DS"
"2017-04",-5.919718,54.579159,"ORMEAU ROAD","Vehicle crime","BT73GA"
"2016-07",-5.932453,54.597689,"COLLEGE STREET MEWS","Anti-social behaviour","BT16DB"
"2015-09",-7.633192,54.354836,"HILLVIEW PARK","Anti-social behaviour","BT817PR"
"2016-01",-6.215359,54.491412,"STATION ROAD","Violence and sexual offences","BT41RF"
"2016-02",-6.200921,54.894931,"TULLYMORE DALE","Other theft","BT437TD"
"2017-12",-7.312459,54.594326,"O'KANE PARK","Anti-social behaviour","BT829EY"
"2017-04",-7.310804,54.995257,"BONDS HILL","Burglary","BT476DW"
"2017-10",-6.002981,54.492482,"SAINTFIELD ROAD","Violence and sexual offences","BT88SG"
"2016-10",-7.324526,55.00623,"NORTHLAND ROAD","Violence and sexual offences","BT480AL"
"2017-11",-5.925144,54.610853,"BENTINCK STREET","Shoplifting","BT151LZ"
"2016-03",-5.948374,54.572191,"MARLBOROUGH GARDENS","Anti-social behaviour","BT96SQ"
"2015-06",-5.979548,54.578511,"ANDERSONSTOWN ROAD","Vehicle crime","BT119AH"
"2015-11",-7.631701,54.344428,"FORTHILL ROAD","Anti-social behaviour","BT746AW"
"2015-11",-6.339924,54.733931,"AGHALOUGHAN ROAD","Criminal damage and arson","BT413LG"
"2017-09",-7.326672,54.994744,"ST. COLUMBS WELLS","Anti-social behaviour","BT486LZ"
"2017-04",-6.678732,55.132021,"CAPTAIN STREET LOWER","Anti-social behaviour","BT513DT"
"2016-01",-6.333109,54.460516,"CORONATION STREET","Shoplifting","BT623BA"
"2017-04",-5.710558,54.315372,"KILLOUGH WALK","Criminal damage and arson","BT306QH"
"2015-11",-5.971486,54.558654,"FINBANK COURT","Anti-social behaviour","BT96QU"
"2017-11",-6.717645,55.181924,"COLERAINE ROAD","Theft from the person","BT568HN"
"2016-04",-6.296074,54.873367,"SUNNINGDALE PARK","Anti-social behaviour","BT204UU"
"2016-07",-6.337535,54.175123,"MARCUS STREET","Anti-social behaviour","BT341ET"
"2016-10",-5.94239,54.589673,"BENTHAM DRIVE","Other theft","BT125NS"
"2017-12",-5.892164,54.595152,"FACTORY STREET","Anti-social behaviour","BT55AW"
"2016-04",-6.548686,54.487106,"CLONMAKATE ROAD","Anti-social behaviour","BT621TZ"
"2017-01",-5.837703,54.631488,"ASH GREEN","Anti-social behaviour","BT189SW"
"2017-06",-6.592232,54.311377,"REDROCK ROAD","Violence and sexual offences","BT602BL"
"2015-01",-5.927631,54.62679,"SEAHOLM PARADE","Vehicle crime","BT153NR"
"2017-07",-5.791115,54.734237,"BROADLANDS","Anti-social behaviour","BT387BL"
"2017-10",-5.90123,54.679948,"ABBEYGLEN CRESCENT","Anti-social behaviour","BT370TJ"
"2016-02",-7.536219,54.327596,"TATTYGARE ROAD","Violence and sexual offences","BT945FB"
"2015-05",-5.488269,54.541216,"DEMESNE CRESCENT","Anti-social behaviour","BT306WA"
"2015-11",-7.281186,54.996693,"KINGSMERE GARDENS","Anti-social behaviour","BT475TR"
"2015-12",-5.949548,54.589156,"RICHVIEW STREET","Vehicle crime","BT126GP"
"2015-05",-6.36561,54.444859,"HILLCREST MANOR","Drugs","BT655BX"
"2015-12",-7.446615,54.387902,"CULLION ROAD","Burglary","BT342HU"
"2017-07",-7.327805,54.998936,"CREGGAN STREET","Anti-social behaviour","BT489AP"
"2016-09",-5.923999,54.598389,"VICTORIA SQUARE","Criminal damage and arson","BT14QG"
"2017-10",-7.255313,55.059776,"CONEY ROAD","Anti-social behaviour","BT488JP"
"2015-02",-5.680353,54.615519,"BANGOR ROAD","Burglary","BT237PH"
